category,line,selector,tokens,hits
"still-used","1","#toolbar","toolbar","frontend-angular/src/app/app.spec.ts; frontend-angular/src/app/legacy-shell/legacy-shell.component.html; frontend-angular/src/app/legacy-shell/legacy-shell.component.scss"
"still-used","11",".toolbar-left","toolbar-left","frontend-angular/src/app/legacy-shell/legacy-shell.component.html; frontend-angular/src/app/legacy-shell/legacy-shell.component.scss"
"still-used","12",".toolbar-right","toolbar-right","frontend-angular/src/app/legacy-shell/legacy-shell.component.html; frontend-angular/src/app/legacy-shell/legacy-shell.component.scss"
"still-used","13",".brand-mark","brand-mark","frontend-angular/src/app/legacy-shell/legacy-shell.component.html; frontend-angular/src/app/legacy-shell/legacy-shell.component.scss"
"still-used","22",".logo","logo","frontend-angular/src/app/legacy-shell/legacy-shell.component.html; frontend-angular/src/app/legacy-shell/legacy-shell.component.scss"
"still-used","24",".product-version","product-version","frontend-angular/src/app/legacy-shell/legacy-shell.component.html; frontend-angular/src/app/legacy-shell/legacy-shell.component.scss"
"still-used","32",".file-name","file-name","frontend-angular/src/app/app.spec.ts; frontend-angular/src/app/legacy-shell/legacy-shell.component.html; frontend-angular/src/app/legacy-shell/legacy-shell.component.scss"
"still-used","34",".modified-badge","modified-badge","frontend-angular/src/app/legacy-shell/legacy-shell.component.html"
"still-used","48",".modified-badge-row","modified-badge-row","frontend-angular/src/app/legacy-shell/legacy-shell.component.html"
"still-used","58",".modified-badge-row.local","modified-badge-row local","frontend-angular/src/app/app.spec.ts; frontend-angular/src/app/core/collaboration/collaboration.service.spec.ts; frontend-angular/src/app/core/collaboration/collaboration.service.ts"
"still-used","63",".modified-badge-row.remote","modified-badge-row remote","frontend-angular/src/app/app.spec.ts; frontend-angular/src/app/core/collaboration/collaboration.service.spec.ts; frontend-angular/src/app/core/shell/history/history-dialog.component.html"
"still-used","68",".modified-badge-dot","modified-badge-dot","frontend-angular/src/app/legacy-shell/legacy-shell.component.html"
"still-used","75",".modified-badge.syncing","modified-badge syncing","frontend-angular/src/app/app.spec.ts; frontend-angular/src/app/core/collaboration/collaboration.service.spec.ts; frontend-angular/src/app/core/collaboration/collaboration.service.ts"
"still-used","78",".collab-status","collab-status","frontend-angular/src/app/legacy-shell/legacy-shell.component.html; frontend-angular/src/app/legacy-shell/legacy-shell.component.scss"
"still-used","92",".collab-status:hover","collab-status","frontend-angular/src/app/legacy-shell/legacy-shell.component.html; frontend-angular/src/app/legacy-shell/legacy-shell.component.scss"
"still-used","95",".collab-status[data-users]::after","collab-status","frontend-angular/src/app/legacy-shell/legacy-shell.component.html; frontend-angular/src/app/legacy-shell/legacy-shell.component.scss"
"still-used","118",".collab-status[data-users]:hover::after","collab-status","frontend-angular/src/app/legacy-shell/legacy-shell.component.html; frontend-angular/src/app/legacy-shell/legacy-shell.component.scss"
"still-used","122",".collab-status.connected","collab-status connected","frontend-angular/src/app/core/collaboration/collaboration.service.spec.ts; frontend-angular/src/app/core/collaboration/collaboration.service.ts; frontend-angular/src/app/core/runtime/angular-runtime.ts"
"still-used","127",".collab-status.offline","collab-status offline","frontend-angular/src/app/legacy-shell/legacy-shell.component.html; frontend-angular/src/app/legacy-shell/legacy-shell.component.scss"
"suspected-dead","132",".user-account-button","user-account-button",""
"suspected-dead","147",".user-account-button:hover","user-account-button",""
"still-used","152",".user-account-button.empty","user-account-button empty","frontend-angular/src/app/core/shell/sidebar/sidebar-directory.component.html; frontend-angular/src/app/legacy-shell/legacy-shell.component.html; frontend-angular/src/app/legacy-shell/legacy-shell.component.scss"
"legacy-compat-selector","157",".user-modal-shell","user-modal-shell",""
"still-used","160",".modal.collab-diagnostics-modal","modal collab-diagnostics-modal","frontend-angular/src/app/core/shell/wait-dialog/wait-dialog.component.ts; frontend-angular/src/app/legacy-shell/legacy-shell.component.html; frontend-angular/src/app/legacy-shell/legacy-shell.component.scss"
"legacy-compat-selector","167",".collab-diagnostics-content","collab-diagnostics-content",""
"legacy-compat-selector","173",".collab-diagnostic-grid","collab-diagnostic-grid",""
"legacy-compat-selector","178",".collab-diagnostic-grid > div","collab-diagnostic-grid",""
"legacy-compat-selector","185",".collab-diagnostic-grid span","collab-diagnostic-grid",""
"legacy-compat-selector","192",".collab-diagnostic-grid strong","collab-diagnostic-grid",""
"legacy-compat-selector","200",".collab-diagnostic-grid > div:first-child","collab-diagnostic-grid",""
"legacy-compat-selector","203",".collab-diagnostic-error","collab-diagnostic-error",""
"legacy-compat-selector","210",".collab-diagnostic-error span","collab-diagnostic-error",""
"legacy-compat-selector","216",".collab-diagnostic-error strong","collab-diagnostic-error",""
"legacy-compat-selector","222",".collab-diagnostic-section h4","collab-diagnostic-section",""
"legacy-compat-selector","227",".collab-diagnostic-users","collab-diagnostic-users",""
"legacy-compat-selector","232",".collab-diagnostic-user","collab-diagnostic-user",""
"legacy-compat-selector","244",".collab-diagnostic-user strong","collab-diagnostic-user",""
"legacy-compat-selector","250",".collab-diagnostic-user span","collab-diagnostic-user",""
"legacy-compat-selector","253",".collab-diagnostic-raw","collab-diagnostic-raw",""
"legacy-compat-selector","258",".collab-diagnostic-raw summary","collab-diagnostic-raw",""
"legacy-compat-selector","265",".collab-diagnostic-raw pre","collab-diagnostic-raw",""
"legacy-compat-selector","276",".collab-diagnostic-grid","collab-diagnostic-grid",""
"legacy-compat-selector","279",".collab-diagnostic-grid > div:first-child","collab-diagnostic-grid",""
"suspected-dead","283",".user-form-field","user-form-field",""
"suspected-dead","288",".user-form-field span","user-form-field",""
"suspected-dead","293",".user-form-field input","user-form-field",""
"suspected-dead","299",".user-session-note","user-session-note",""
"still-used","305",".document-version-badge","document-version-badge","frontend-angular/src/app/app.spec.ts; frontend-angular/src/app/legacy-shell/legacy-shell.component.html"
"still-used","318",".document-version-badge.current","document-version-badge current","frontend-angular/src/app/app.spec.ts; frontend-angular/src/app/core/collaboration/collaboration.service.spec.ts; frontend-angular/src/app/core/collaboration/collaboration.service.ts"
"still-used","323",".document-version-badge.readonly","document-version-badge readonly","frontend-angular/src/app/app.spec.ts; frontend-angular/src/app/core/collaboration/collaboration.service.spec.ts; frontend-angular/src/app/core/collaboration/collaboration.service.ts"
"still-used","328",".document-version-badge.recovery","document-version-badge recovery","frontend-angular/src/app/app.spec.ts; frontend-angular/src/app/core/api/api.service.ts; frontend-angular/src/app/core/runtime/angular-runtime.ts"
"legacy-compat-selector","333",".collab-conflict-actions","collab-conflict-actions",""
"still-used","345",".modal.collab-conflict-dialog","modal collab-conflict-dialog","frontend-angular/src/app/core/shell/wait-dialog/wait-dialog.component.ts; frontend-angular/src/app/legacy-shell/legacy-shell.component.html; frontend-angular/src/app/legacy-shell/legacy-shell.component.scss"
"legacy-compat-selector","356",".collab-conflict-actions","collab-conflict-actions",""
"still-used","358",".modal.collab-conflict-dialog h3, .modal.collab-conflict-dialog .field-hint","modal collab-conflict-dialog field-hint","frontend-angular/src/app/core/shell/wait-dialog/wait-dialog.component.ts; frontend-angular/src/app/legacy-shell/legacy-shell.component.html; frontend-angular/src/app/legacy-shell/legacy-shell.component.scss"
"still-used","360",".modal.collab-conflict-dialog .collab-conflict-actions","modal collab-conflict-dialog collab-conflict-actions","frontend-angular/src/app/core/shell/wait-dialog/wait-dialog.component.ts; frontend-angular/src/app/legacy-shell/legacy-shell.component.html; frontend-angular/src/app/legacy-shell/legacy-shell.component.scss"
"still-used","361",".modal.collab-conflict-dialog h3","modal collab-conflict-dialog","frontend-angular/src/app/core/shell/wait-dialog/wait-dialog.component.ts; frontend-angular/src/app/legacy-shell/legacy-shell.component.html; frontend-angular/src/app/legacy-shell/legacy-shell.component.scss"
"legacy-compat-selector","366",".collab-conflict-list","collab-conflict-list",""
"legacy-compat-selector","373",".collab-conflict-item","collab-conflict-item",""
"legacy-compat-selector","380",".collab-conflict-field","collab-conflict-field",""
"legacy-compat-selector","387",".collab-conflict-cols","collab-conflict-cols",""
"legacy-compat-selector","392",".collab-conflict-col pre","collab-conflict-col",""
"legacy-compat-selector","404",".collab-conflict-label","collab-conflict-label",""
"legacy-compat-selector","409",".collab-conflict-choose","collab-conflict-choose",""
"still-used","414",".collab-conflict-choose.is-selected","collab-conflict-choose is-selected","frontend-angular/src/app/workbenches/component/entity-design/entity-design-workbench.component.html; frontend-angular/src/app/workbenches/component/entity-design/entity-design-workbench.component.scss"
"suspected-dead","417",".readonly-alert","readonly-alert",""
"suspected-dead","429",".readonly-alert strong","readonly-alert",""
"still-used","433",".app-toast","app-toast","frontend-angular/src/app/app.spec.ts; frontend-angular/src/app/core/shell/notification/shell-notification.component.html"
"suspected-dead","450",".locator-menu","locator-menu",""
"suspected-dead","460",".locator-menu button","locator-menu",""
"suspected-dead","472",".locator-menu button:hover","locator-menu",""
"still-used","476",".hidden","hidden","frontend-angular/src/app/core/shell/history/history-dialog.component.scss; frontend-angular/src/app/core/shell/notification/shell-notification.component.html; frontend-angular/src/app/core/shell/sidebar/sidebar-directory.component.scss"
"still-used","477","#layout","layout","frontend-angular/src/app/legacy-shell/legacy-shell.component.html; frontend-angular/src/app/legacy-shell/legacy-shell.component.ts; frontend-angular/src/app/workbenches/component/component-workbench.ts"
"still-used","480","#sidebar","sidebar","frontend-angular/src/app/app.spec.ts; frontend-angular/src/app/core/runtime/angular-runtime.ts; frontend-angular/src/app/core/shell/sidebar/sidebar-directory.component.html"
"still-used","488","#sidebar.sb-resizing","sidebar sb-resizing","frontend-angular/src/app/app.spec.ts; frontend-angular/src/app/core/runtime/angular-runtime.ts; frontend-angular/src/app/core/shell/sidebar/sidebar-directory.component.html"
"still-used","489","#sidebar.sb-collapsed","sidebar sb-collapsed","frontend-angular/src/app/app.spec.ts; frontend-angular/src/app/core/runtime/angular-runtime.ts; frontend-angular/src/app/core/shell/sidebar/sidebar-directory.component.html"
"still-used","490","#sidebar-content","sidebar-content","frontend-angular/src/app/core/shell/sidebar/sidebar-directory.component.ts"
"still-used","491","#sidebar-resize-handle","sidebar-resize-handle","frontend-angular/src/app/core/shell/sidebar/sidebar-directory.component.html"
"still-used","501","#sidebar.sb-collapsed #sidebar-resize-handle","sidebar sb-collapsed sidebar-resize-handle","frontend-angular/src/app/app.spec.ts; frontend-angular/src/app/core/runtime/angular-runtime.ts; frontend-angular/src/app/core/shell/sidebar/sidebar-directory.component.html"
"still-used","502","#sb-toggle-wrap","sb-toggle-wrap","frontend-angular/src/app/legacy-shell/legacy-shell.component.scss"
"still-used","507","#sb-toggle-btn","sb-toggle-btn","frontend-angular/src/app/core/shell/sidebar/sidebar-directory.component.html; frontend-angular/src/app/core/shell/sidebar/sidebar-directory.component.ts"
"still-used","521","#sb-toggle-btn:hover","sb-toggle-btn","frontend-angular/src/app/core/shell/sidebar/sidebar-directory.component.html; frontend-angular/src/app/core/shell/sidebar/sidebar-directory.component.ts"
"still-used","522",".no-doc-shell #sidebar, .no-doc-shell #sb-toggle-wrap","no-doc-shell sidebar sb-toggle-wrap","frontend-angular/src/app/app.spec.ts; frontend-angular/src/app/core/runtime/angular-runtime.ts; frontend-angular/src/app/core/shell/sidebar/sidebar-directory.component.html"
"still-used","526",".no-doc-shell #tab-bar","no-doc-shell tab-bar","frontend-angular/src/app/app.spec.ts; frontend-angular/src/app/core/shell/history/history-dialog.component.html; frontend-angular/src/app/core/shell/history/history-dialog.component.scss"
"still-used","529",".sb-section","sb-section","frontend-angular/src/app/core/shell/sidebar/sidebar-directory.component.html; frontend-angular/src/app/core/shell/sidebar/sidebar-directory.component.scss"
"still-used","530",".sb-header","sb-header","frontend-angular/src/app/core/shell/sidebar/sidebar-directory.component.html"
"still-used","536",".sb-header:hover","sb-header","frontend-angular/src/app/core/shell/sidebar/sidebar-directory.component.html"
"still-used","537",".sb-header-main","sb-header-main","frontend-angular/src/app/core/shell/sidebar/sidebar-directory.component.html"
"still-used","541",".sb-header-title","sb-header-title","frontend-angular/src/app/core/shell/sidebar/sidebar-directory.component.html"
"still-used","545",".sb-metrics","sb-metrics","frontend-angular/src/app/core/shell/sidebar/sidebar-directory.component.html; frontend-angular/src/app/core/shell/sidebar/sidebar-directory.component.scss"
"still-used","548",".sb-domain-filter-panel","sb-domain-filter-panel","frontend-angular/src/app/core/shell/sidebar/sidebar-directory.component.html"
"still-used","553",".sb-domain-filter-row","sb-domain-filter-row","frontend-angular/src/app/core/shell/sidebar/sidebar-directory.component.html"
"still-used","562",".sb-domain-filter","sb-domain-filter","frontend-angular/src/app/core/shell/sidebar/sidebar-directory.component.html"
"still-used","573",".sb-directory-stack","sb-directory-stack","frontend-angular/src/app/core/shell/sidebar/sidebar-directory.component.html"
"still-used","578",".sb-directory-block","sb-directory-block","frontend-angular/src/app/core/shell/sidebar/sidebar-directory.component.html"
"still-used","581",".sb-directory-title","sb-directory-title","frontend-angular/src/app/core/shell/sidebar/sidebar-directory.component.html; frontend-angular/src/app/core/shell/sidebar/sidebar-directory.component.scss"
"still-used","595",".sb-directory-component .sb-directory-title","sb-directory-component sb-directory-title","frontend-angular/src/app/core/shell/sidebar/sidebar-directory.component.html; frontend-angular/src/app/core/shell/sidebar/sidebar-directory.component.scss"
"still-used","600",".sb-metric","sb-metric","frontend-angular/src/app/core/shell/sidebar/sidebar-directory.component.html; frontend-angular/src/app/core/shell/sidebar/sidebar-directory.component.scss"
"legacy-compat-selector","609",".sb-metric-flow","sb-metric-flow",""
"legacy-compat-selector","613",".sb-metric-interaction","sb-metric-interaction",""
"legacy-compat-selector","617",".sb-metric-model","sb-metric-model",""
"legacy-compat-selector","621",".sb-metric-flow .sb-metric-label","sb-metric-flow sb-metric-label",""
"legacy-compat-selector","622",".sb-metric-interaction .sb-metric-label","sb-metric-interaction sb-metric-label",""
"legacy-compat-selector","623",".sb-metric-model .sb-metric-label","sb-metric-model sb-metric-label",""
"legacy-compat-selector","624",".sb-metric-label","sb-metric-label",""
"legacy-compat-selector","625",".sb-metric-value","sb-metric-value",""
"still-used","626",".sb-header .sb-add-btn","sb-header sb-add-btn","frontend-angular/src/app/core/shell/sidebar/sidebar-directory.component.html"
"still-used","627",".sb-toggle","sb-toggle","frontend-angular/src/app/core/shell/sidebar/sidebar-directory.component.html; frontend-angular/src/app/core/shell/sidebar/sidebar-directory.component.scss; frontend-angular/src/app/core/shell/sidebar/sidebar-directory.component.ts"
"still-used","628",".sb-count","sb-count","frontend-angular/src/app/core/shell/sidebar/sidebar-directory.component.html; frontend-angular/src/app/core/shell/sidebar/sidebar-directory.component.scss"
"still-used","637",".sb-header .sb-count","sb-header sb-count","frontend-angular/src/app/core/shell/sidebar/sidebar-directory.component.html; frontend-angular/src/app/core/shell/sidebar/sidebar-directory.component.scss"
"legacy-compat-selector","641",".sb-item","sb-item",""
"legacy-compat-selector","649",".sb-item:hover","sb-item",""
"still-used","650",".sb-item.active","sb-item active","frontend-angular/src/app/app.spec.ts; frontend-angular/src/app/core/shell/history/history-dialog.component.html; frontend-angular/src/app/core/shell/history/history-dialog.component.scss"
"legacy-compat-selector","652",".sb-id","sb-id",""
"suspected-dead","653",".editable-id","editable-id",""
"suspected-dead","658",".editable-id:hover","editable-id",""
"suspected-dead","659",".id-edit-input","id-edit-input",""
"still-used","666",".sb-name","sb-name","frontend-angular/src/app/core/shell/sidebar/sidebar-directory.component.html; frontend-angular/src/app/core/shell/sidebar/sidebar-directory.component.scss"
"still-used","667",".sb-empty","sb-empty","frontend-angular/src/app/core/shell/sidebar/sidebar-directory.component.html"
"still-used","668","#content","content","frontend-angular/src/app/app.spec.ts; frontend-angular/src/app/core/api/api.service.ts; frontend-angular/src/app/core/shell/history/history-dialog.component.scss"
"still-used","671","#tab-bar","tab-bar","frontend-angular/src/app/app.spec.ts; frontend-angular/src/app/core/shell/history/history-dialog.component.html; frontend-angular/src/app/core/shell/history/history-dialog.component.scss"
"still-used","679",".tab-btn-group","tab-btn-group","frontend-angular/src/app/core/shell/tab-bar/shell-tab-bar.component.html; frontend-angular/src/app/core/shell/tab-bar/shell-tab-bar.component.scss"
"still-used","683",".tab-btn","tab-btn","frontend-angular/src/app/core/shell/tab-bar/shell-tab-bar.component.html; frontend-angular/src/app/core/shell/tab-bar/shell-tab-bar.component.scss"
"still-used","688",".tab-btn:hover","tab-btn","frontend-angular/src/app/core/shell/tab-bar/shell-tab-bar.component.html; frontend-angular/src/app/core/shell/tab-bar/shell-tab-bar.component.scss"
"still-used","689",".tab-btn.active","tab-btn active","frontend-angular/src/app/app.spec.ts; frontend-angular/src/app/core/shell/history/history-dialog.component.html; frontend-angular/src/app/core/shell/history/history-dialog.component.scss"
"still-used","690",".tab-back-btn","tab-back-btn","frontend-angular/src/app/core/shell/tab-bar/shell-tab-bar.component.html"
"still-used","701",".tab-back-btn:hover:not([disabled])","tab-back-btn","frontend-angular/src/app/core/shell/tab-bar/shell-tab-bar.component.html"
"still-used","706",".tab-back-btn[disabled]","tab-back-btn","frontend-angular/src/app/core/shell/tab-bar/shell-tab-bar.component.html"
"still-used","711","#tab-content","tab-content","frontend-angular/src/app/legacy-shell/legacy-shell.component.html"
"still-used","714",".empty-state","empty-state","frontend-angular/src/app/legacy-shell/legacy-shell.component.html"
"still-used","721",".empty-state h2","empty-state","frontend-angular/src/app/legacy-shell/legacy-shell.component.html"
"still-used","722",".empty-state p","empty-state","frontend-angular/src/app/legacy-shell/legacy-shell.component.html"
"suspected-dead","723",".live-diagram-wrap","live-diagram-wrap",""
"legacy-compat-selector","732",".live-diagram-toolbar","live-diagram-toolbar",""
"still-used","737",".live-diagram-hint","live-diagram-hint","frontend-angular/src/app/workbenches/component/entity-design/entity-design-workbench.component.html"
"still-used","738",".live-diagram-hint strong","live-diagram-hint","frontend-angular/src/app/workbenches/component/entity-design/entity-design-workbench.component.html"
"still-used","742",".live-diagram","live-diagram","frontend-angular/src/app/workbenches/component/entity-design/entity-design-workbench.component.html; frontend-angular/src/app/workbenches/process/flow/process-flow-legacy-adapter.ts"
"still-used","748",".live-diagram svg","live-diagram","frontend-angular/src/app/workbenches/component/entity-design/entity-design-workbench.component.html; frontend-angular/src/app/workbenches/process/flow/process-flow-legacy-adapter.ts"
"legacy-compat-selector","749",".data-toolbar","data-toolbar",""
"still-used","752",".data-view-switch","data-view-switch","frontend-angular/src/app/workbenches/component/entity-design/entity-design-workbench.component.html"
"still-used","760",".seg-btn","seg-btn","frontend-angular/src/app/workbenches/component/business-model/business-model-workbench.component.html; frontend-angular/src/app/workbenches/component/entity-design/entity-design-workbench.component.html"
"still-used","770",".seg-btn.active","seg-btn active","frontend-angular/src/app/app.spec.ts; frontend-angular/src/app/core/shell/history/history-dialog.component.html; frontend-angular/src/app/core/shell/history/history-dialog.component.scss"
"suspected-dead","774",".data-state-select-inline","data-state-select-inline",""
"suspected-dead","783",".data-state-select-label","data-state-select-label",""
"suspected-dead","787",".data-state-select-inline select","data-state-select-inline",""
"legacy-compat-selector","790",".data-toolbar.state-mode [data-testid=""data-add-entity""], .data-toolbar.state-mode .data-state-select-inline","data-toolbar state-mode data-state-select-inline",""
"legacy-compat-selector","794",".data-state-toolbar-actions, .data-relation-toolbar-actions","data-state-toolbar-actions data-relation-toolbar-actions",""
"suspected-dead","801",".data-state-zoom-controls","data-state-zoom-controls",""
"suspected-dead","806",".data-state-zoom-reset","data-state-zoom-reset",""
"suspected-dead","809",".entity-state-workbench","entity-state-workbench",""
"suspected-dead","818",".entity-state-browser, .entity-state-card","entity-state-browser entity-state-card",""
"suspected-dead","824",".entity-state-browser","entity-state-browser",""
"suspected-dead","828",".entity-state-group + .entity-state-group","entity-state-group",""
"suspected-dead","831",".entity-state-group-title","entity-state-group-title",""
"suspected-dead","837",".entity-state-group-list","entity-state-group-list",""
"suspected-dead","842",".entity-state-chip","entity-state-chip",""
"still-used","851",".entity-state-chip.active","entity-state-chip active","frontend-angular/src/app/app.spec.ts; frontend-angular/src/app/core/shell/history/history-dialog.component.html; frontend-angular/src/app/core/shell/history/history-dialog.component.scss"
"suspected-dead","857",".entity-state-stage","entity-state-stage",""
"suspected-dead","865",".entity-state-main-shell","entity-state-main-shell",""
"suspected-dead","872",".entity-state-main","entity-state-main",""
"suspected-dead","876",".entity-state-card","entity-state-card",""
"suspected-dead","880",".entity-state-editor","entity-state-editor",""
"suspected-dead","887",".state-editor-drawer","state-editor-drawer",""
"suspected-dead","900",".state-editor-drawer .entity-state-editor","state-editor-drawer entity-state-editor",""
"still-used","906",".state-editor-drawer .drawer-body","state-editor-drawer drawer-body","frontend-angular/src/app/workbenches/component/entity-design/entity-design-workbench.component.html; frontend-angular/src/app/workbenches/component/entity-design/entity-design-workbench.component.scss; frontend-angular/src/app/workbenches/process/editor/process-editor-workbench.component.scss"
"suspected-dead","909",".entity-state-editor-head","entity-state-editor-head",""
"suspected-dead","919",".entity-state-editor-head h4","entity-state-editor-head",""
"suspected-dead","922",".entity-state-editor-hint","entity-state-editor-hint",""
"suspected-dead","927",".entity-state-config-row","entity-state-config-row",""
"suspected-dead","933",".entity-state-values-readonly","entity-state-values-readonly",""
"suspected-dead","943",".entity-state-card-head","entity-state-card-head",""
"suspected-dead","950",".entity-state-card-summary","entity-state-card-summary",""
"suspected-dead","956",".entity-state-field-chip","entity-state-field-chip",""
"still-used","966",".entity-state-field-chip.active","entity-state-field-chip active","frontend-angular/src/app/app.spec.ts; frontend-angular/src/app/core/shell/history/history-dialog.component.html; frontend-angular/src/app/core/shell/history/history-dialog.component.scss"
"suspected-dead","971",".entity-state-card-title","entity-state-card-title",""
"suspected-dead","976",".entity-state-card-subtitle","entity-state-card-subtitle",""
"suspected-dead","981",".entity-state-card-meta","entity-state-card-meta",""
"suspected-dead","989",".entity-state-card-values","entity-state-card-values",""
"suspected-dead","995",".entity-state-value-chip","entity-state-value-chip",""
"still-used","1006",".entity-state-value-chip.kind-initial","entity-state-value-chip kind-initial","frontend-angular/src/app/workbenches/component/entity-design/entity-design-workbench.component.html; frontend-angular/src/app/workbenches/component/entity-design/entity-design-workbench.component.scss"
"still-used","1011",".entity-state-value-chip.kind-terminal","entity-state-value-chip kind-terminal","frontend-angular/src/app/workbenches/component/entity-design/entity-design-workbench.component.html; frontend-angular/src/app/workbenches/component/entity-design/entity-design-workbench.component.scss"
"suspected-dead","1016",".entity-state-overview-grid","entity-state-overview-grid",""
"suspected-dead","1021",".entity-state-field-panel","entity-state-field-panel",""
"suspected-dead","1029",".entity-state-field-panel:hover","entity-state-field-panel",""
"still-used","1033",".entity-state-field-panel.active","entity-state-field-panel active","frontend-angular/src/app/app.spec.ts; frontend-angular/src/app/core/shell/history/history-dialog.component.html; frontend-angular/src/app/core/shell/history/history-dialog.component.scss"
"suspected-dead","1038",".entity-state-field-panel-head","entity-state-field-panel-head",""
"suspected-dead","1045",".entity-state-field-panel-title","entity-state-field-panel-title",""
"suspected-dead","1050",".entity-state-field-panel-meta","entity-state-field-panel-meta",""
"suspected-dead","1056",".entity-state-field-panel-badges","entity-state-field-panel-badges",""
"suspected-dead","1063",".entity-state-field-badge","entity-state-field-badge",""
"suspected-dead","1074",".entity-state-field-badge.role-primary","entity-state-field-badge role-primary",""
"suspected-dead","1079",".entity-state-field-badge.role-secondary","entity-state-field-badge role-secondary",""
"still-used","1084",".entity-state-field-badge.active","entity-state-field-badge active","frontend-angular/src/app/app.spec.ts; frontend-angular/src/app/core/shell/history/history-dialog.component.html; frontend-angular/src/app/core/shell/history/history-dialog.component.scss"
"suspected-dead","1089",".entity-state-field-empty","entity-state-field-empty",""
"suspected-dead","1092",".entity-state-graph","entity-state-graph",""
"suspected-dead","1097",".entity-state-zoom-shell","entity-state-zoom-shell",""
"suspected-dead","1100",".entity-state-zoom-target","entity-state-zoom-target",""
"still-used","1103",".entity-state-canvas","entity-state-canvas","frontend-angular/src/app/workbenches/component/entity-design/entity-design-workbench.component.html; frontend-angular/src/app/workbenches/component/entity-design/entity-design-workbench.component.scss"
"still-used","1107",".entity-state-svg","entity-state-svg","frontend-angular/src/app/workbenches/component/entity-design/entity-design-workbench.component.html; frontend-angular/src/app/workbenches/component/entity-design/entity-design-workbench.component.scss"
"still-used","1114",".entity-state-board","entity-state-board","frontend-angular/src/app/workbenches/component/entity-design/entity-design-workbench.component.html; frontend-angular/src/app/workbenches/component/entity-design/entity-design-workbench.component.scss"
"still-used","1118",".entity-state-node","entity-state-node","frontend-angular/src/app/workbenches/component/entity-design/entity-design-workbench.component.html; frontend-angular/src/app/workbenches/component/entity-design/entity-design-workbench.component.scss"
"still-used","1135",".entity-state-node.dragging, .entity-state-marker.dragging","entity-state-node dragging entity-state-marker","frontend-angular/src/app/workbenches/component/entity-design/entity-design-workbench.component.html; frontend-angular/src/app/workbenches/component/entity-design/entity-design-workbench.component.scss"
"still-used","1141",".entity-state-node-label","entity-state-node-label","frontend-angular/src/app/workbenches/component/entity-design/entity-design-workbench.component.html; frontend-angular/src/app/workbenches/component/entity-design/entity-design-workbench.component.scss"
"still-used","1148",".entity-state-link-label","entity-state-link-label","frontend-angular/src/app/workbenches/component/entity-design/entity-design-workbench.component.html; frontend-angular/src/app/workbenches/component/entity-design/entity-design-workbench.component.scss"
"suspected-dead","1157",".entity-state-link-label-group","entity-state-link-label-group",""
"suspected-dead","1161",".entity-state-link-label-group.dragging","entity-state-link-label-group dragging",""
"suspected-dead","1164",".entity-state-link-label-hitbox","entity-state-link-label-hitbox",""
"suspected-dead","1171",".entity-state-link-label-hitbox.dragging","entity-state-link-label-hitbox dragging",""
"still-used","1174",".entity-state-link.selected","entity-state-link selected","frontend-angular/src/app/app.spec.ts; frontend-angular/src/app/core/shell/sidebar/sidebar-directory.component.html; frontend-angular/src/app/core/shell/sidebar/sidebar-legacy-adapter.ts"
"suspected-dead","1179",".entity-state-link-route-hitbox","entity-state-link-route-hitbox",""
"suspected-dead","1186",".entity-state-link-route-hitbox:hover","entity-state-link-route-hitbox",""
"suspected-dead","1189",".entity-state-link-route-hitbox.dragging","entity-state-link-route-hitbox dragging",""
"suspected-dead","1193",".entity-state-link-endpoint-handle","entity-state-link-endpoint-handle",""
"suspected-dead","1205",".entity-state-link-endpoint-handle:hover, .entity-state-link-endpoint-handle.dragging","entity-state-link-endpoint-handle dragging",""
"suspected-dead","1210",".entity-state-link-endpoint-handle.dragging","entity-state-link-endpoint-handle dragging",""
"still-used","1213",".entity-state-graph.readonly .entity-state-link-label-group, .entity-state-graph.readonly .entity-state-link-label-hitbox, .entity-state-graph.readonly .entity-state-link-route-hitbox, .entity-state-graph.readonly .entity-state-link-endpoint-handle, .entity-state-graph.readonly .entity-state-node, .entity-state-graph.readonly .entity-state-marker","entity-state-graph readonly entity-state-link-label-group entity-state-link-label-hitbox entity-state-link-route-hitbox entity-state-link-endpoint-handle entity-state-node entity-state-marker","frontend-angular/src/app/app.spec.ts; frontend-angular/src/app/core/collaboration/collaboration.service.spec.ts; frontend-angular/src/app/core/collaboration/collaboration.service.ts"
"still-used","1221",".entity-state-graph.readonly .entity-state-link-label-hitbox, .entity-state-graph.readonly .entity-state-link-route-hitbox, .entity-state-graph.readonly .entity-state-link-endpoint-handle","entity-state-graph readonly entity-state-link-label-hitbox entity-state-link-route-hitbox entity-state-link-endpoint-handle","frontend-angular/src/app/app.spec.ts; frontend-angular/src/app/core/collaboration/collaboration.service.spec.ts; frontend-angular/src/app/core/collaboration/collaboration.service.ts"
"suspected-dead","1226",".entity-state-link-label-box","entity-state-link-label-box",""
"legacy-compat-selector","1231",".entity-state-link-label-legacy","entity-state-link-label-legacy",""
"still-used","1234",".entity-state-node.kind-initial","entity-state-node kind-initial","frontend-angular/src/app/workbenches/component/entity-design/entity-design-workbench.component.html; frontend-angular/src/app/workbenches/component/entity-design/entity-design-workbench.component.scss"
"still-used","1239",".entity-state-node.kind-terminal","entity-state-node kind-terminal","frontend-angular/src/app/workbenches/component/entity-design/entity-design-workbench.component.html; frontend-angular/src/app/workbenches/component/entity-design/entity-design-workbench.component.scss"
"still-used","1244",".entity-state-marker","entity-state-marker","frontend-angular/src/app/workbenches/component/entity-design/entity-design-workbench.component.html; frontend-angular/src/app/workbenches/component/entity-design/entity-design-workbench.component.scss"
"still-used","1252",".entity-state-start-dot","entity-state-start-dot","frontend-angular/src/app/workbenches/component/entity-design/entity-design-workbench.component.html; frontend-angular/src/app/workbenches/component/entity-design/entity-design-workbench.component.scss"
"still-used","1256",".entity-state-end-dot-outer","entity-state-end-dot-outer","frontend-angular/src/app/workbenches/component/entity-design/entity-design-workbench.component.html; frontend-angular/src/app/workbenches/component/entity-design/entity-design-workbench.component.scss"
"still-used","1262",".entity-state-end-dot-outer::after","entity-state-end-dot-outer","frontend-angular/src/app/workbenches/component/entity-design/entity-design-workbench.component.html; frontend-angular/src/app/workbenches/component/entity-design/entity-design-workbench.component.scss"
"suspected-dead","1273",".entity-state-kind-editor","entity-state-kind-editor",""
"suspected-dead","1280",".entity-state-kind-head h5","entity-state-kind-head",""
"suspected-dead","1284",".entity-state-kind-list","entity-state-kind-list",""
"suspected-dead","1290",".entity-state-kind-row","entity-state-kind-row",""
"suspected-dead","1296",".entity-state-kind-name","entity-state-kind-name",""
"suspected-dead","1301",".entity-transition-list","entity-transition-list",""
"still-used","1306",".entity-transition-row","entity-transition-row","frontend-angular/src/app/workbenches/component/entity-design/entity-design-workbench.component.html; frontend-angular/src/app/workbenches/component/entity-design/entity-design-workbench.component.scss"
"suspected-dead","1316",".entity-transition-arrow","entity-transition-arrow",""
"suspected-dead","1322",".entity-transition-actions","entity-transition-actions",""
"suspected-dead","1328",".entity-state-editor-actions","entity-state-editor-actions",""
"suspected-dead","1335",".transition-action","transition-action",""
"suspected-dead","1350",".transition-action:hover","transition-action",""
"suspected-dead","1355",".transition-action:disabled","transition-action",""
"suspected-dead","1361",".transition-action-delete:hover","transition-action-delete",""
"suspected-dead","1366",".procs-ov-list","procs-ov-list",""
"suspected-dead","1369",".proc-ov-item","proc-ov-item",""
"suspected-dead","1373",".proc-ov-hdr","proc-ov-hdr",""
"suspected-dead","1380",".proc-ov-hdr:hover","proc-ov-hdr",""
"suspected-dead","1381",".proc-ov-goto","proc-ov-goto",""
"suspected-dead","1382",".proc-ov-diag","proc-ov-diag",""
"suspected-dead","1387",".proc-ov-diag svg","proc-ov-diag",""
"suspected-dead","1388",".pf-wrap","pf-wrap",""
"suspected-dead","1400",".pf-se","pf-se",""
"suspected-dead","1411",".pf-arrow","pf-arrow",""
"suspected-dead","1420",".pf-col","pf-col",""
"suspected-dead","1429",".pf-task","pf-task",""
"suspected-dead","1443",".pf-task.pf-clickable","pf-task pf-clickable",""
"suspected-dead","1444",".pf-task.pf-clickable:hover","pf-task pf-clickable",""
"suspected-dead","1445",".pf-tn","pf-tn",""
"suspected-dead","1446",".pf-role-list","pf-role-list",""
"suspected-dead","1453",".pf-role-chip","pf-role-chip",""
"suspected-dead","1467",".pf-task-multi-role","pf-task-multi-role",""
"suspected-dead","1470",".pf-gateway, .ps-gateway","pf-gateway ps-gateway",""
"suspected-dead","1485",".pf-boundary","pf-boundary",""
"suspected-dead","1500",".pf-start, .pf-end","pf-start pf-end",""
"suspected-dead","1506",".pf-edge-label, .ps-edge-label","pf-edge-label ps-edge-label",""
"suspected-dead","1520",".pf-arrow","pf-arrow",""
"suspected-dead","1526",".pf-branch-list","pf-branch-list",""
"suspected-dead","1535",".pf-vline","pf-vline",""
"suspected-dead","1541",".pf-tags","pf-tags",""
"suspected-dead","1548",".pf-tag","pf-tag",""
"suspected-dead","1557",".pf-graph-wrap","pf-graph-wrap",""
"suspected-dead","1565",".pf-link-layer","pf-link-layer",""
"suspected-dead","1572",".pf-link","pf-link",""
"suspected-dead","1579",".pf-loop-link, .pf-return-link","pf-loop-link pf-return-link",""
"suspected-dead","1583",".pf-graph-wrap .pf-col","pf-graph-wrap pf-col",""
"suspected-dead","1588",".pf-graph-wrap .pf-boundary","pf-graph-wrap pf-boundary",""
"suspected-dead","1592",".pf-graph-wrap .pf-edge-label","pf-graph-wrap pf-edge-label",""
"suspected-dead","1596",".pf-wrap.pf-wrap-has-return","pf-wrap pf-wrap-has-return",""
"suspected-dead","1597",".pf-wrap","pf-wrap",""
"suspected-dead","1598",".pf-se","pf-se",""
"suspected-dead","1599",".pf-arrow","pf-arrow",""
"suspected-dead","1600",".pf-return-overlay","pf-return-overlay",""
"suspected-dead","1608",".pf-return-line","pf-return-line",""
"suspected-dead","1615",".zoom-controls","zoom-controls",""
"suspected-dead","1620",".zoom-btn","zoom-btn",""
"suspected-dead","1628",".zoom-reset-btn","zoom-reset-btn",""
"suspected-dead","1634",".zoom-btn:hover","zoom-btn",""
"still-used","1635",".diag-empty","diag-empty","frontend-angular/src/app/workbenches/process/editor/process-editor-workbench.component.html; frontend-angular/src/app/workbenches/process/flow/process-flow-workbench.component.html; frontend-angular/src/app/workbenches/process/shell/process-workbench-shell.component.scss"
"suspected-dead","1639",".edit-panel","edit-panel",""
"suspected-dead","1644",".edit-panel-title","edit-panel-title",""
"still-used","1650",".proc-view-toolbar","proc-view-toolbar","frontend-angular/src/app/workbenches/component/shell/component-workbench-shell.component.html; frontend-angular/src/app/workbenches/panorama/panorama-workbench.html; frontend-angular/src/app/workbenches/process/shell/process-workbench-shell.component.html"
"legacy-compat-selector","1664",".sb-count-group","sb-count-group",""
"legacy-compat-selector","1670",".sb-count-labeled","sb-count-labeled",""
"legacy-compat-selector","1677",".sb-count-labeled .sb-count-label","sb-count-labeled sb-count-label",""
"legacy-compat-selector","1682",".sb-count-labeled.entity-count","sb-count-labeled entity-count",""
"legacy-compat-selector","1686",".sb-count-labeled.task-count","sb-count-labeled task-count",""
"still-used","1690",".proc-view-toolbar-main","proc-view-toolbar-main","frontend-angular/src/app/workbenches/component/shell/component-workbench-shell.component.html; frontend-angular/src/app/workbenches/panorama/panorama-workbench.html; frontend-angular/src/app/workbenches/process/shell/process-workbench-shell.component.html"
"still-used","1696",".proc-view-actions","proc-view-actions","frontend-angular/src/app/workbenches/panorama/panorama-workbench.html; frontend-angular/src/app/workbenches/process/shell/process-workbench-shell.component.html"
"still-used","1703",".toolbar-help","toolbar-help","frontend-angular/src/app/workbenches/process/shell/process-workbench-shell.component.html"
"suspected-dead","1706",".workbench-subtab-shell","workbench-subtab-shell",""
"suspected-dead","1713",".workbench-subtab-actions","workbench-subtab-actions",""
"suspected-dead","1719",".panorama-edit-menu","panorama-edit-menu",""
"suspected-dead","1723",".panorama-edit-menu > summary","panorama-edit-menu",""
"suspected-dead","1728",".panorama-edit-menu > summary::-webkit-details-marker","panorama-edit-menu",""
"suspected-dead","1732",".panorama-edit-menu-list","panorama-edit-menu-list",""
"suspected-dead","1747",".panorama-edit-menu-list button","panorama-edit-menu-list",""
"suspected-dead","1760",".panorama-edit-menu-list button:hover","panorama-edit-menu-list",""
"suspected-dead","1765",".component-demo-scroll, .orchestration-demo-scroll","component-demo-scroll orchestration-demo-scroll",""
"still-used","1769",".demo-panel","demo-panel","frontend-angular/src/app/workbenches/component/shell/component-workbench-shell.component.html; frontend-angular/src/app/workbenches/component/shell/component-workbench-shell.component.scss"
"still-used","1772",".demo-panel-head","demo-panel-head","frontend-angular/src/app/workbenches/component/shell/component-workbench-shell.component.html"
"still-used","1779",".demo-panel-head h3","demo-panel-head","frontend-angular/src/app/workbenches/component/shell/component-workbench-shell.component.html"
"still-used","1782",".demo-count","demo-count","frontend-angular/src/app/workbenches/component/shell/component-workbench-shell.component.html"
"still-used","1795",".demo-table th, .demo-table td","demo-table","frontend-angular/src/app/workbenches/component/shell/component-workbench-shell.component.html"
"suspected-dead","1799",".demo-card-grid","demo-card-grid",""
"suspected-dead","1804",".demo-mini-card","demo-mini-card",""
"suspected-dead","1812",".demo-mini-card strong","demo-mini-card",""
"suspected-dead","1816",".demo-mini-card span","demo-mini-card",""
"suspected-dead","1820",".demo-mini-card em","demo-mini-card",""
"suspected-dead","1825",".demo-handoff","demo-handoff",""
"suspected-dead","1830",".demo-handoff > div","demo-handoff",""
"suspected-dead","1837",".demo-handoff h4","demo-handoff",""
"suspected-dead","1842",".demo-handoff span","demo-handoff",""
"suspected-dead","1852",".orchestration-panel .demo-flow","orchestration-panel demo-flow",""
"suspected-dead","1859",".demo-flow-node","demo-flow-node",""
"still-used","1871",".demo-flow-node.strong","demo-flow-node strong","frontend-angular/src/app/app.spec.ts; frontend-angular/src/app/core/shell/history/history-dialog.component.html; frontend-angular/src/app/core/shell/history/history-dialog.component.scss"
"suspected-dead","1876",".demo-flow-arrow","demo-flow-arrow",""
"still-used","1881",".view-toggle-group","view-toggle-group","frontend-angular/src/app/workbenches/component/shell/component-workbench-shell.component.html; frontend-angular/src/app/workbenches/panorama/panorama-workbench.html; frontend-angular/src/app/workbenches/process/shell/process-workbench-shell.component.html"
"still-used","1882",".vtb","vtb","frontend-angular/src/app/workbenches/component/shell/component-workbench-shell.component.html; frontend-angular/src/app/workbenches/panorama/panorama-workbench.html; frontend-angular/src/app/workbenches/process/shell/process-workbench-shell.component.html"
"still-used","1887",".vtb:not(:last-child)","vtb","frontend-angular/src/app/workbenches/component/shell/component-workbench-shell.component.html; frontend-angular/src/app/workbenches/panorama/panorama-workbench.html; frontend-angular/src/app/workbenches/process/shell/process-workbench-shell.component.html"
"still-used","1888",".vtb:hover","vtb","frontend-angular/src/app/workbenches/component/shell/component-workbench-shell.component.html; frontend-angular/src/app/workbenches/panorama/panorama-workbench.html; frontend-angular/src/app/workbenches/process/shell/process-workbench-shell.component.html"
"still-used","1889",".vtb.active","vtb active","frontend-angular/src/app/app.spec.ts; frontend-angular/src/app/core/shell/history/history-dialog.component.html; frontend-angular/src/app/core/shell/history/history-dialog.component.scss"
"still-used","1890","#tab-content","tab-content","frontend-angular/src/app/legacy-shell/legacy-shell.component.html"
"suspected-dead","1893",".proc-drawer, .entity-drawer, .stage-drawer","proc-drawer entity-drawer stage-drawer",""
"suspected-dead","1905",".entity-drawer","entity-drawer",""
"suspected-dead","1909",".stage-drawer","stage-drawer",""
"still-used","1913",".proc-drawer.open, .entity-drawer.open, .stage-drawer.open","proc-drawer open entity-drawer stage-drawer","frontend-angular/src/app/app.spec.ts; frontend-angular/src/app/core/collaboration/collaboration.service.spec.ts; frontend-angular/src/app/core/collaboration/collaboration.service.ts"
"still-used","1914",".drawer-resize-handle","drawer-resize-handle","frontend-angular/src/app/workbenches/process/editor/process-editor-workbench.component.scss"
"still-used","1921",".drawer-resize-handle:hover","drawer-resize-handle","frontend-angular/src/app/workbenches/process/editor/process-editor-workbench.component.scss"
"suspected-dead","1922",".entity-diag-full","entity-diag-full",""
"suspected-dead","1929",".entity-diag-full.entity-drawer-shift","entity-diag-full entity-drawer-shift",""
"still-used","1932",".drawer-head","drawer-head","frontend-angular/src/app/workbenches/component/entity-design/entity-design-workbench.component.html; frontend-angular/src/app/workbenches/component/entity-design/entity-design-workbench.component.scss; frontend-angular/src/app/workbenches/process/shell/process-workbench-shell.component.scss"
"still-used","1939",".drawer-crumb","drawer-crumb","frontend-angular/src/app/workbenches/process/editor/process-editor-workbench.component.scss; frontend-angular/src/app/workbenches/process/shell/process-workbench-shell.component.scss"
"still-used","1944",".drawer-crumb-proc","drawer-crumb-proc","frontend-angular/src/app/workbenches/process/editor/process-editor-workbench.component.scss"
"still-used","1948",".drawer-crumb-proc:hover","drawer-crumb-proc","frontend-angular/src/app/workbenches/process/editor/process-editor-workbench.component.scss"
"suspected-dead","1949",".dc-sep","dc-sep",""
"suspected-dead","1950",".drawer-actions","drawer-actions",""
"still-used","1951",".drawer-close","drawer-close","frontend-angular/src/app/workbenches/component/entity-design/entity-design-workbench.component.html; frontend-angular/src/app/workbenches/process/shell/process-workbench-shell.component.scss"
"still-used","1956",".drawer-close:hover","drawer-close","frontend-angular/src/app/workbenches/component/entity-design/entity-design-workbench.component.html; frontend-angular/src/app/workbenches/process/shell/process-workbench-shell.component.scss"
"suspected-dead","1957",".drawer-diag","drawer-diag",""
"suspected-dead","1968",".drawer-diag-bar","drawer-diag-bar",""
"still-used","1973",".diagram-floating-tools","diagram-floating-tools","frontend-angular/src/app/workbenches/process/editor/process-editor-workbench.component.scss"
"still-used","1986",".drawer-diag .live-diagram","drawer-diag live-diagram","frontend-angular/src/app/workbenches/component/entity-design/entity-design-workbench.component.html; frontend-angular/src/app/workbenches/process/flow/process-flow-legacy-adapter.ts"
"still-used","1987",".drawer-body","drawer-body","frontend-angular/src/app/workbenches/component/entity-design/entity-design-workbench.component.html; frontend-angular/src/app/workbenches/component/entity-design/entity-design-workbench.component.scss; frontend-angular/src/app/workbenches/process/editor/process-editor-workbench.component.scss"
"suspected-dead","1992",".drawer-empty","drawer-empty",""
"still-used","1996",".stage-workbench","stage-workbench","frontend-angular/src/app/workbenches/process/shell/process-workbench-shell.component.html; frontend-angular/src/app/workbenches/process/shell/process-workbench-shell.component.ts; frontend-angular/src/app/workbenches/process/stage/process-stage-workbench.component.html"
"still-used","2000",".stage-main-shell","stage-main-shell","frontend-angular/src/app/workbenches/process/stage/process-stage-workbench.component.html; frontend-angular/src/app/workbenches/process/value-domain/value-domain-workbench.component.html; frontend-angular/src/app/workbenches/process/value-domain/value-domain-workbench.component.scss"
"still-used","2005",".stage-main","stage-main","frontend-angular/src/app/workbenches/process/stage/process-stage-workbench.component.html; frontend-angular/src/app/workbenches/process/value-domain/value-domain-workbench.component.html; frontend-angular/src/app/workbenches/process/value-domain/value-domain-workbench.component.scss"
"still-used","2008",".stage-card","stage-card","frontend-angular/src/app/workbenches/process/stage/process-stage-workbench.component.html; frontend-angular/src/app/workbenches/process/value-domain/value-domain-workbench.component.html; frontend-angular/src/app/workbenches/process/value-domain/value-domain-workbench.component.scss"
"suspected-dead","2015",".stage-card-head","stage-card-head",""
"still-used","2024",".stage-compact-head","stage-compact-head","frontend-angular/src/app/workbenches/process/stage/process-stage-workbench.component.html"
"still-used","2033",".stage-compact-head .stage-card-title","stage-compact-head stage-card-title","frontend-angular/src/app/workbenches/process/stage/process-stage-workbench.component.html"
"still-used","2037",".stage-detail-name-text","stage-detail-name-text","frontend-angular/src/app/workbenches/process/stage/process-stage-workbench.component.html"
"still-used","2042",".stage-card-title .stage-name-inline-input","stage-card-title stage-name-inline-input","frontend-angular/src/app/workbenches/process/stage/process-stage-workbench.component.html; frontend-angular/src/app/workbenches/process/value-domain/value-domain-workbench.component.html; frontend-angular/src/app/workbenches/process/value-domain/value-domain-workbench.component.scss"
"still-used","2048",".stage-detail-title-suffix","stage-detail-title-suffix","frontend-angular/src/app/workbenches/process/stage/process-stage-workbench.component.html"
"suspected-dead","2052",".stage-card-side-actions","stage-card-side-actions",""
"suspected-dead","2058",".stage-card-breadcrumb","stage-card-breadcrumb",""
"still-used","2066",".stage-breadcrumb-sep","stage-breadcrumb-sep","frontend-angular/src/app/workbenches/process/stage/process-stage-workbench.component.html"
"still-used","2069",".stage-card-title","stage-card-title","frontend-angular/src/app/workbenches/process/stage/process-stage-workbench.component.html"
"suspected-dead","2077",".stage-card-subtitle","stage-card-subtitle",""
"suspected-dead","2083",".stage-header-warning, .stage-warning","stage-header-warning stage-warning",""
"suspected-dead","2095",".stage-warning","stage-warning",""
"still-used","2098",".stage-graph","stage-graph","frontend-angular/src/app/workbenches/process/stage/process-stage-workbench.component.html; frontend-angular/src/app/workbenches/process/value-domain/value-domain-workbench.component.html; frontend-angular/src/app/workbenches/process/value-domain/value-domain-workbench.component.scss"
"still-used","2101",".stage-graph-zoom-shell","stage-graph-zoom-shell","frontend-angular/src/app/workbenches/process/stage/process-stage-workbench.component.html"
"still-used","2105",".stage-graph-zoom-target","stage-graph-zoom-target","frontend-angular/src/app/workbenches/process/stage/process-stage-workbench.component.html"
"still-used","2108",".stage-graph-board","stage-graph-board","frontend-angular/src/app/workbenches/process/stage/process-stage-workbench.component.html"
"still-used","2116",".stage-graph-svg","stage-graph-svg","frontend-angular/src/app/workbenches/process/stage/process-stage-workbench.component.html"
"still-used","2122",".stage-graph-link","stage-graph-link","frontend-angular/src/app/workbenches/process/stage/process-stage-workbench.component.html"
"still-used","2125",".stage-graph-node","stage-graph-node","frontend-angular/src/app/workbenches/process/stage/process-stage-workbench.component.html; frontend-angular/src/app/workbenches/process/value-domain/value-domain-workbench.component.html; frontend-angular/src/app/workbenches/process/value-domain/value-domain-workbench.component.scss"
"still-used","2141",".stage-graph-node.process-kind","stage-graph-node process-kind","frontend-angular/src/app/workbenches/process/stage/process-stage-workbench.component.html; frontend-angular/src/app/workbenches/process/value-domain/value-domain-workbench.component.html; frontend-angular/src/app/workbenches/process/value-domain/value-domain-workbench.component.scss"
"still-used","2147",".stage-graph-node:hover","stage-graph-node","frontend-angular/src/app/workbenches/process/stage/process-stage-workbench.component.html; frontend-angular/src/app/workbenches/process/value-domain/value-domain-workbench.component.html; frontend-angular/src/app/workbenches/process/value-domain/value-domain-workbench.component.scss"
"still-used","2150",".stage-graph-node.is-selected","stage-graph-node is-selected","frontend-angular/src/app/workbenches/component/entity-design/entity-design-workbench.component.html; frontend-angular/src/app/workbenches/component/entity-design/entity-design-workbench.component.scss; frontend-angular/src/app/workbenches/process/stage/process-stage-workbench.component.html"
"still-used","2155",".stage-graph-link.is-related","stage-graph-link is-related","frontend-angular/src/app/workbenches/process/stage/process-stage-workbench.component.html"
"still-used","2159",".stage-graph-link.is-muted","stage-graph-link is-muted","frontend-angular/src/app/workbenches/component/entity-design/entity-design-workbench.component.html; frontend-angular/src/app/workbenches/component/entity-design/entity-design-workbench.component.scss; frontend-angular/src/app/workbenches/process/stage/process-stage-workbench.component.html"
"suspected-dead","2162",".preview-stage-node","preview-stage-node",""
"still-used","2165",".stage-graph-node-title","stage-graph-node-title","frontend-angular/src/app/workbenches/process/stage/process-stage-workbench.component.html; frontend-angular/src/app/workbenches/process/value-domain/value-domain-workbench.component.html; frontend-angular/src/app/workbenches/process/value-domain/value-domain-workbench.component.scss"
"still-used","2170",".stage-name-inline-input","stage-name-inline-input","frontend-angular/src/app/workbenches/process/stage/process-stage-workbench.component.html; frontend-angular/src/app/workbenches/process/value-domain/value-domain-workbench.component.html; frontend-angular/src/app/workbenches/process/value-domain/value-domain-workbench.component.scss"
"still-used","2182",".stage-graph-node .stage-name-inline-input","stage-graph-node stage-name-inline-input","frontend-angular/src/app/workbenches/process/stage/process-stage-workbench.component.html; frontend-angular/src/app/workbenches/process/value-domain/value-domain-workbench.component.html; frontend-angular/src/app/workbenches/process/value-domain/value-domain-workbench.component.scss"
"suspected-dead","2187",".stage-graph-node-meta","stage-graph-node-meta",""
"still-used","2192",".stage-flow-guide","stage-flow-guide","frontend-angular/src/app/workbenches/process/stage/process-stage-workbench.component.html"
"still-used","2197",".stage-flow-guide.is-editing","stage-flow-guide is-editing","frontend-angular/src/app/workbenches/process/stage/process-stage-workbench.component.html; frontend-angular/src/app/workbenches/process/value-domain/value-domain-workbench.component.html; frontend-angular/src/app/workbenches/process/value-domain/value-domain-workbench.component.scss"
"still-used","2200",".stage-flow-canvas-tools","stage-flow-canvas-tools","frontend-angular/src/app/workbenches/process/stage/process-stage-workbench.component.html"
"still-used","2215",".stage-flow-domain-readonly","stage-flow-domain-readonly","frontend-angular/src/app/workbenches/process/stage/process-stage-workbench.component.html"
"still-used","2228",".stage-flow-domain-readonly strong","stage-flow-domain-readonly","frontend-angular/src/app/workbenches/process/stage/process-stage-workbench.component.html"
"still-used","2232",".stage-flow-canvas-tools.is-muted","stage-flow-canvas-tools is-muted","frontend-angular/src/app/workbenches/component/entity-design/entity-design-workbench.component.html; frontend-angular/src/app/workbenches/component/entity-design/entity-design-workbench.component.scss; frontend-angular/src/app/workbenches/process/stage/process-stage-workbench.component.html"
"still-used","2236",".stage-flow-tool-group","stage-flow-tool-group","frontend-angular/src/app/workbenches/process/stage/process-stage-workbench.component.html"
"still-used","2242",".stage-flow-tool-group label","stage-flow-tool-group","frontend-angular/src/app/workbenches/process/stage/process-stage-workbench.component.html"
"still-used","2250",".stage-flow-tool-group input, .stage-flow-tool-group select, .stage-flow-link-row select","stage-flow-tool-group stage-flow-link-row","frontend-angular/src/app/workbenches/process/stage/process-stage-workbench.component.html"
"still-used","2263",".stage-flow-node-tools","stage-flow-node-tools","frontend-angular/src/app/workbenches/process/stage/process-stage-workbench.component.html"
"still-used","2266",".stage-flow-node-tools select","stage-flow-node-tools","frontend-angular/src/app/workbenches/process/stage/process-stage-workbench.component.html"
"suspected-dead","2269",".stage-flow-link-list","stage-flow-link-list",""
"suspected-dead","2275",".stage-flow-link-row","stage-flow-link-row",""
"suspected-dead","2282",".stage-flow-empty-note","stage-flow-empty-note",""
"still-used","2287",".stage-flow-empty","stage-flow-empty","frontend-angular/src/app/workbenches/process/stage/process-stage-workbench.component.html"
"still-used","2293",".stage-flow-zoom-shell","stage-flow-zoom-shell","frontend-angular/src/app/workbenches/process/stage/process-stage-workbench.component.html"
"still-used","2296",".stage-flow-board","stage-flow-board","frontend-angular/src/app/workbenches/process/stage/process-stage-workbench.component.html"
"still-used","2304",".stage-flow-board-add","stage-flow-board-add","frontend-angular/src/app/workbenches/process/stage/process-stage-workbench.component.html"
"still-used","2320",".stage-flow-board-add:hover","stage-flow-board-add","frontend-angular/src/app/workbenches/process/stage/process-stage-workbench.component.html"
"still-used","2324",".stage-flow-link-remove","stage-flow-link-remove","frontend-angular/src/app/workbenches/process/stage/process-stage-workbench.component.html; frontend-angular/src/app/workbenches/process/stage/process-stage-workbench.component.scss"
"still-used","2338",".stage-flow-link-remove:hover","stage-flow-link-remove","frontend-angular/src/app/workbenches/process/stage/process-stage-workbench.component.html; frontend-angular/src/app/workbenches/process/stage/process-stage-workbench.component.scss"
"still-used","2342",".stage-graph-node.stage-flow-node","stage-graph-node stage-flow-node","frontend-angular/src/app/workbenches/process/stage/process-stage-workbench.component.html; frontend-angular/src/app/workbenches/process/stage/process-stage-workbench.component.scss; frontend-angular/src/app/workbenches/process/stage/process-stage-workbench.component.ts"
"still-used","2353",".stage-flow-group-box","stage-flow-group-box","frontend-angular/src/app/workbenches/process/stage/process-stage-workbench.component.html"
"still-used","2361",".stage-flow-group-box.is-drag-target","stage-flow-group-box is-drag-target","frontend-angular/src/app/workbenches/process/stage/process-stage-workbench.component.html; frontend-angular/src/app/workbenches/process/value-domain/value-domain-workbench.component.html; frontend-angular/src/app/workbenches/process/value-domain/value-domain-workbench.component.scss"
"still-used","2366",".stage-flow-group-title","stage-flow-group-title","frontend-angular/src/app/workbenches/process/stage/process-stage-workbench.component.html"
"still-used","2379",".stage-flow-group-title.is-placeholder","stage-flow-group-title is-placeholder","frontend-angular/src/app/workbenches/process/stage/process-stage-workbench.component.html"
"suspected-dead","2383",".stage-flow-group-editor","stage-flow-group-editor",""
"suspected-dead","2396",".stage-flow-group-editor span","stage-flow-group-editor",""
"suspected-dead","2400",".stage-flow-group-editor input","stage-flow-group-editor",""
"suspected-dead","2411",".stage-flow-group-editor input:focus","stage-flow-group-editor",""
"suspected-dead","2416",".stage-flow-group-editor button","stage-flow-group-editor",""
"suspected-dead","2428",".stage-flow-group-editor button:hover","stage-flow-group-editor",""
"still-used","2432",".stage-flow-node-group-editor","stage-flow-node-group-editor","frontend-angular/src/app/workbenches/process/stage/process-stage-workbench.component.html; frontend-angular/src/app/workbenches/process/stage/process-stage-workbench.component.scss; frontend-angular/src/app/workbenches/process/stage/process-stage-workbench.component.ts"
"still-used","2445",".stage-flow-node-group-editor span","stage-flow-node-group-editor","frontend-angular/src/app/workbenches/process/stage/process-stage-workbench.component.html; frontend-angular/src/app/workbenches/process/stage/process-stage-workbench.component.scss; frontend-angular/src/app/workbenches/process/stage/process-stage-workbench.component.ts"
"still-used","2451",".stage-flow-node-group-editor input","stage-flow-node-group-editor","frontend-angular/src/app/workbenches/process/stage/process-stage-workbench.component.html; frontend-angular/src/app/workbenches/process/stage/process-stage-workbench.component.scss; frontend-angular/src/app/workbenches/process/stage/process-stage-workbench.component.ts"
"still-used","2463",".stage-flow-node-group-editor input:focus","stage-flow-node-group-editor","frontend-angular/src/app/workbenches/process/stage/process-stage-workbench.component.html; frontend-angular/src/app/workbenches/process/stage/process-stage-workbench.component.scss; frontend-angular/src/app/workbenches/process/stage/process-stage-workbench.component.ts"
"still-used","2468",".stage-flow-node-group-editor button","stage-flow-node-group-editor","frontend-angular/src/app/workbenches/process/stage/process-stage-workbench.component.html; frontend-angular/src/app/workbenches/process/stage/process-stage-workbench.component.scss; frontend-angular/src/app/workbenches/process/stage/process-stage-workbench.component.ts"
"still-used","2480",".stage-flow-node-group-editor button:hover","stage-flow-node-group-editor","frontend-angular/src/app/workbenches/process/stage/process-stage-workbench.component.html; frontend-angular/src/app/workbenches/process/stage/process-stage-workbench.component.scss; frontend-angular/src/app/workbenches/process/stage/process-stage-workbench.component.ts"
"still-used","2484",".stage-graph-node.stage-flow-node:hover","stage-graph-node stage-flow-node","frontend-angular/src/app/workbenches/process/stage/process-stage-workbench.component.html; frontend-angular/src/app/workbenches/process/stage/process-stage-workbench.component.scss; frontend-angular/src/app/workbenches/process/stage/process-stage-workbench.component.ts"
"still-used","2488",".stage-flow-node-title, .stage-flow-name-input","stage-flow-node-title stage-flow-name-input","frontend-angular/src/app/workbenches/process/stage/process-stage-workbench.component.html"
"still-used","2494",".stage-flow-node-title","stage-flow-node-title","frontend-angular/src/app/workbenches/process/stage/process-stage-workbench.component.html"
"suspected-dead","2504",".stage-flow-node-meta","stage-flow-node-meta",""
"still-used","2511",".stage-graph-node.stage-flow-node.is-editable","stage-graph-node stage-flow-node is-editable","frontend-angular/src/app/workbenches/process/stage/process-stage-workbench.component.html; frontend-angular/src/app/workbenches/process/stage/process-stage-workbench.component.scss; frontend-angular/src/app/workbenches/process/stage/process-stage-workbench.component.ts"
"still-used","2515",".stage-graph-node.stage-flow-node.is-link-source","stage-graph-node stage-flow-node is-link-source","frontend-angular/src/app/workbenches/process/stage/process-stage-workbench.component.html; frontend-angular/src/app/workbenches/process/stage/process-stage-workbench.component.scss; frontend-angular/src/app/workbenches/process/stage/process-stage-workbench.component.ts"
"still-used","2519",".stage-graph-node.stage-flow-node.is-link-target","stage-graph-node stage-flow-node is-link-target","frontend-angular/src/app/workbenches/process/stage/process-stage-workbench.component.html; frontend-angular/src/app/workbenches/process/stage/process-stage-workbench.component.scss; frontend-angular/src/app/workbenches/process/stage/process-stage-workbench.component.ts"
"still-used","2523",".stage-flow-name-input","stage-flow-name-input","frontend-angular/src/app/workbenches/process/stage/process-stage-workbench.component.html"
"still-used","2540",".stage-flow-name-input:focus","stage-flow-name-input","frontend-angular/src/app/workbenches/process/stage/process-stage-workbench.component.html"
"still-used","2544",".stage-flow-node-actions","stage-flow-node-actions","frontend-angular/src/app/workbenches/process/stage/process-stage-workbench.component.html; frontend-angular/src/app/workbenches/process/stage/process-stage-workbench.component.scss; frontend-angular/src/app/workbenches/process/stage/process-stage-workbench.component.ts"
"still-used","2553",".stage-flow-node-actions .stage-quick-btn","stage-flow-node-actions stage-quick-btn","frontend-angular/src/app/workbenches/component/business-model/business-model-workbench.component.html; frontend-angular/src/app/workbenches/component/entity-design/entity-design-workbench.component.html; frontend-angular/src/app/workbenches/process/stage/process-stage-workbench.component.html"
"still-used","2561",".stage-flow-node-actions .stage-quick-btn.success","stage-flow-node-actions stage-quick-btn success","frontend-angular/src/app/app.spec.ts; frontend-angular/src/app/core/shell/notification/shell-notification.component.html; frontend-angular/src/app/core/shell/notification/shell-notification.component.scss"
"still-used","2566",".stage-flow-node-actions .stage-quick-btn.warning","stage-flow-node-actions stage-quick-btn warning","frontend-angular/src/app/core/shell/notification/shell-notification.component.html; frontend-angular/src/app/core/shell/notification/shell-notification.component.scss; frontend-angular/src/app/core/shell/notification/shell-notification.component.ts"
"suspected-dead","2571",".stage-chain-graph","stage-chain-graph",""
"suspected-dead","2574",".stage-chain-board","stage-chain-board",""
"suspected-dead","2587",".stage-chain-track","stage-chain-track",""
"suspected-dead","2595",".stage-chain-item","stage-chain-item",""
"still-used","2603",".stage-graph-node.stage-chain-node","stage-graph-node stage-chain-node","frontend-angular/src/app/workbenches/process/stage/process-stage-workbench.component.html; frontend-angular/src/app/workbenches/process/value-domain/value-domain-workbench.component.html; frontend-angular/src/app/workbenches/process/value-domain/value-domain-workbench.component.scss"
"still-used","2618",".stage-graph-node.stage-chain-node:hover","stage-graph-node stage-chain-node","frontend-angular/src/app/workbenches/process/stage/process-stage-workbench.component.html; frontend-angular/src/app/workbenches/process/value-domain/value-domain-workbench.component.html; frontend-angular/src/app/workbenches/process/value-domain/value-domain-workbench.component.scss"
"still-used","2622",".stage-graph-node.stage-chain-node.is-selected","stage-graph-node stage-chain-node is-selected","frontend-angular/src/app/workbenches/component/entity-design/entity-design-workbench.component.html; frontend-angular/src/app/workbenches/component/entity-design/entity-design-workbench.component.scss; frontend-angular/src/app/workbenches/process/stage/process-stage-workbench.component.html"
"suspected-dead","2627",".stage-chain-node-title","stage-chain-node-title",""
"suspected-dead","2635",".stage-chain-link","stage-chain-link",""
"still-used","2644",".value-stream-graph","value-stream-graph","frontend-angular/src/app/workbenches/process/stage/process-stage-workbench.component.html"
"still-used","2647",".value-stream-scroll-wrap","value-stream-scroll-wrap","frontend-angular/src/app/workbenches/process/stage/process-stage-workbench.component.html"
"still-used","2651",".value-stream-scroll","value-stream-scroll","frontend-angular/src/app/workbenches/process/stage/process-stage-workbench.component.html; frontend-angular/src/app/workbenches/process/stage/process-stage-workbench.component.scss"
"suspected-dead","2661",".value-stream-hscroll","value-stream-hscroll",""
"still-used","2672",".value-stream-matrix","value-stream-matrix","frontend-angular/src/app/workbenches/process/stage/process-stage-workbench.component.html; frontend-angular/src/app/workbenches/process/stage/process-stage-workbench.component.scss"
"still-used","2680",".value-stream-matrix.is-editing","value-stream-matrix is-editing","frontend-angular/src/app/workbenches/process/stage/process-stage-workbench.component.html; frontend-angular/src/app/workbenches/process/stage/process-stage-workbench.component.scss; frontend-angular/src/app/workbenches/process/value-domain/value-domain-workbench.component.html"
"still-used","2685",".value-stream-matrix.is-editing .value-stream-header-row, .value-stream-matrix.is-editing .value-stream-row","value-stream-matrix is-editing value-stream-header-row value-stream-row","frontend-angular/src/app/workbenches/process/stage/process-stage-workbench.component.html; frontend-angular/src/app/workbenches/process/stage/process-stage-workbench.component.scss; frontend-angular/src/app/workbenches/process/value-domain/value-domain-workbench.component.html"
"still-used","2690",".value-stream-header-row, .value-stream-row","value-stream-header-row value-stream-row","frontend-angular/src/app/workbenches/process/stage/process-stage-workbench.component.html"
"still-used","2696",".value-stream-header-row","value-stream-header-row","frontend-angular/src/app/workbenches/process/stage/process-stage-workbench.component.html"
"still-used","2700",".value-stream-row + .value-stream-row","value-stream-row","frontend-angular/src/app/workbenches/process/stage/process-stage-workbench.component.html"
"still-used","2703",".value-stream-axis, .value-stream-header, .value-stream-lane, .value-stream-cell","value-stream-axis value-stream-header value-stream-lane value-stream-cell","frontend-angular/src/app/workbenches/process/stage/process-stage-workbench.component.html; frontend-angular/src/app/workbenches/process/value-domain/value-domain-workbench.component.html; frontend-angular/src/app/workbenches/process/value-domain/value-domain-workbench.component.scss"
"still-used","2710",".value-stream-axis, .value-stream-header","value-stream-axis value-stream-header","frontend-angular/src/app/workbenches/process/stage/process-stage-workbench.component.html; frontend-angular/src/app/workbenches/process/value-domain/value-domain-workbench.component.html"
"still-used","2715",".value-stream-axis","value-stream-axis","frontend-angular/src/app/workbenches/process/stage/process-stage-workbench.component.html"
"still-used","2722",".value-stream-header","value-stream-header","frontend-angular/src/app/workbenches/process/stage/process-stage-workbench.component.html; frontend-angular/src/app/workbenches/process/value-domain/value-domain-workbench.component.html"
"still-used","2728",".value-stream-header.is-editing","value-stream-header is-editing","frontend-angular/src/app/workbenches/process/stage/process-stage-workbench.component.html; frontend-angular/src/app/workbenches/process/value-domain/value-domain-workbench.component.html; frontend-angular/src/app/workbenches/process/value-domain/value-domain-workbench.component.scss"
"still-used","2733",".value-stream-header strong","value-stream-header","frontend-angular/src/app/workbenches/process/stage/process-stage-workbench.component.html; frontend-angular/src/app/workbenches/process/value-domain/value-domain-workbench.component.html"
"still-used","2738",".value-stream-header span","value-stream-header","frontend-angular/src/app/workbenches/process/stage/process-stage-workbench.component.html; frontend-angular/src/app/workbenches/process/value-domain/value-domain-workbench.component.html"
"still-used","2743",".value-stream-lane","value-stream-lane","frontend-angular/src/app/workbenches/process/stage/process-stage-workbench.component.html; frontend-angular/src/app/workbenches/process/value-domain/value-domain-workbench.component.html; frontend-angular/src/app/workbenches/process/value-domain/value-domain-workbench.component.scss"
"still-used","2752",".value-stream-lane.is-editing","value-stream-lane is-editing","frontend-angular/src/app/workbenches/process/stage/process-stage-workbench.component.html; frontend-angular/src/app/workbenches/process/value-domain/value-domain-workbench.component.html; frontend-angular/src/app/workbenches/process/value-domain/value-domain-workbench.component.scss"
"still-used","2756",".value-stream-lane-badge, .value-stream-cell-status","value-stream-lane-badge value-stream-cell-status","frontend-angular/src/app/workbenches/process/stage/process-stage-workbench.component.html; frontend-angular/src/app/workbenches/process/value-domain/value-domain-workbench.component.html; frontend-angular/src/app/workbenches/process/value-domain/value-domain-workbench.component.scss"
"still-used","2771",".value-stream-lane strong","value-stream-lane","frontend-angular/src/app/workbenches/process/stage/process-stage-workbench.component.html; frontend-angular/src/app/workbenches/process/value-domain/value-domain-workbench.component.html; frontend-angular/src/app/workbenches/process/value-domain/value-domain-workbench.component.scss"
"still-used","2776",".value-stream-lane span:last-child","value-stream-lane","frontend-angular/src/app/workbenches/process/stage/process-stage-workbench.component.html; frontend-angular/src/app/workbenches/process/value-domain/value-domain-workbench.component.html; frontend-angular/src/app/workbenches/process/value-domain/value-domain-workbench.component.scss"
"still-used","2781",".value-stream-cell","value-stream-cell","frontend-angular/src/app/workbenches/process/stage/process-stage-workbench.component.html; frontend-angular/src/app/workbenches/process/value-domain/value-domain-workbench.component.html; frontend-angular/src/app/workbenches/process/value-domain/value-domain-workbench.component.scss"
"still-used","2789",".value-stream-cell.is-editing","value-stream-cell is-editing","frontend-angular/src/app/workbenches/process/stage/process-stage-workbench.component.html; frontend-angular/src/app/workbenches/process/value-domain/value-domain-workbench.component.html; frontend-angular/src/app/workbenches/process/value-domain/value-domain-workbench.component.scss"
"still-used","2793",".value-stream-cell.is-drag-target","value-stream-cell is-drag-target","frontend-angular/src/app/workbenches/process/stage/process-stage-workbench.component.html; frontend-angular/src/app/workbenches/process/value-domain/value-domain-workbench.component.html; frontend-angular/src/app/workbenches/process/value-domain/value-domain-workbench.component.scss"
"still-used","2797",".stage-drag-slot-overlay","stage-drag-slot-overlay","frontend-angular/src/app/workbenches/process/value-domain/value-domain-workbench.component.html; frontend-angular/src/app/workbenches/process/value-domain/value-domain-workbench.component.scss"
"still-used","2807",".value-stream-cell.retain-target","value-stream-cell retain-target","frontend-angular/src/app/workbenches/process/stage/process-stage-workbench.component.html; frontend-angular/src/app/workbenches/process/value-domain/value-domain-workbench.component.html; frontend-angular/src/app/workbenches/process/value-domain/value-domain-workbench.component.scss"
"still-used","2810",".value-stream-cell.smart-target","value-stream-cell smart-target","frontend-angular/src/app/workbenches/process/stage/process-stage-workbench.component.html; frontend-angular/src/app/workbenches/process/value-domain/value-domain-workbench.component.html; frontend-angular/src/app/workbenches/process/value-domain/value-domain-workbench.component.scss"
"still-used","2813",".value-stream-cell.retain-target .value-stream-cell-status","value-stream-cell retain-target value-stream-cell-status","frontend-angular/src/app/workbenches/process/stage/process-stage-workbench.component.html; frontend-angular/src/app/workbenches/process/value-domain/value-domain-workbench.component.html; frontend-angular/src/app/workbenches/process/value-domain/value-domain-workbench.component.scss"
"still-used","2818",".value-stream-cell.smart-target .value-stream-cell-status","value-stream-cell smart-target value-stream-cell-status","frontend-angular/src/app/workbenches/process/stage/process-stage-workbench.component.html; frontend-angular/src/app/workbenches/process/value-domain/value-domain-workbench.component.html; frontend-angular/src/app/workbenches/process/value-domain/value-domain-workbench.component.scss"
"still-used","2823",".value-stream-cell-text","value-stream-cell-text","frontend-angular/src/app/workbenches/process/value-domain/value-domain-workbench.component.html; frontend-angular/src/app/workbenches/process/value-domain/value-domain-workbench.component.scss"
"still-used","2828",".matrix-cell-actions","matrix-cell-actions","frontend-angular/src/app/workbenches/process/value-domain/value-domain-workbench.component.html; frontend-angular/src/app/workbenches/process/value-domain/value-domain-workbench.component.scss"
"still-used","2834",".matrix-mini-btn","matrix-mini-btn","frontend-angular/src/app/workbenches/process/value-domain/value-domain-workbench.component.html; frontend-angular/src/app/workbenches/process/value-domain/value-domain-workbench.component.scss"
"still-used","2847",".matrix-mini-btn:hover","matrix-mini-btn","frontend-angular/src/app/workbenches/process/value-domain/value-domain-workbench.component.html; frontend-angular/src/app/workbenches/process/value-domain/value-domain-workbench.component.scss"
"still-used","2851",".matrix-mini-btn[disabled]","matrix-mini-btn","frontend-angular/src/app/workbenches/process/value-domain/value-domain-workbench.component.html; frontend-angular/src/app/workbenches/process/value-domain/value-domain-workbench.component.scss"
"still-used","2855",".matrix-mini-btn.danger","matrix-mini-btn danger","frontend-angular/src/app/core/shell/history/history-dialog.component.html; frontend-angular/src/app/core/shell/history/history-dialog.component.scss; frontend-angular/src/app/legacy-shell/legacy-shell.component.html"
"still-used","2860",".matrix-inline-input","matrix-inline-input","frontend-angular/src/app/workbenches/process/value-domain/value-domain-workbench.component.html; frontend-angular/src/app/workbenches/process/value-domain/value-domain-workbench.component.scss"
"still-used","2871",".matrix-edit-field","matrix-edit-field","frontend-angular/src/app/workbenches/process/value-domain/value-domain-workbench.component.html; frontend-angular/src/app/workbenches/process/value-domain/value-domain-workbench.component.scss"
"still-used","2883",".matrix-field-caption","matrix-field-caption","frontend-angular/src/app/workbenches/process/value-domain/value-domain-workbench.component.html; frontend-angular/src/app/workbenches/process/value-domain/value-domain-workbench.component.scss"
"still-used","2891",".matrix-inline-input:focus","matrix-inline-input","frontend-angular/src/app/workbenches/process/value-domain/value-domain-workbench.component.html; frontend-angular/src/app/workbenches/process/value-domain/value-domain-workbench.component.scss"
"still-used","2894",".matrix-edit-field:focus-within","matrix-edit-field","frontend-angular/src/app/workbenches/process/value-domain/value-domain-workbench.component.html; frontend-angular/src/app/workbenches/process/value-domain/value-domain-workbench.component.scss"
"suspected-dead","2898",".matrix-body-editors","matrix-body-editors",""
"still-used","2903",".value-stream-stage-board","value-stream-stage-board","frontend-angular/src/app/workbenches/process/stage/process-stage-workbench.component.html; frontend-angular/src/app/workbenches/process/value-domain/value-domain-workbench.component.html; frontend-angular/src/app/workbenches/process/value-domain/value-domain-workbench.component.scss"
"still-used","2908",".value-stream-cell.is-editing .value-stream-stage-board","value-stream-cell is-editing value-stream-stage-board","frontend-angular/src/app/workbenches/process/stage/process-stage-workbench.component.html; frontend-angular/src/app/workbenches/process/value-domain/value-domain-workbench.component.html; frontend-angular/src/app/workbenches/process/value-domain/value-domain-workbench.component.scss"
"still-used","2915",".stage-graph-node.stage-matrix-stage","stage-graph-node stage-matrix-stage","frontend-angular/src/app/workbenches/process/stage/process-stage-workbench.component.html; frontend-angular/src/app/workbenches/process/value-domain/value-domain-workbench.component.html; frontend-angular/src/app/workbenches/process/value-domain/value-domain-workbench.component.scss"
"still-used","2932",".stage-graph-node.stage-matrix-stage .stage-graph-node-title","stage-graph-node stage-matrix-stage stage-graph-node-title","frontend-angular/src/app/workbenches/process/stage/process-stage-workbench.component.html; frontend-angular/src/app/workbenches/process/value-domain/value-domain-workbench.component.html; frontend-angular/src/app/workbenches/process/value-domain/value-domain-workbench.component.scss"
"still-used","2940",".stage-graph-node.stage-matrix-stage .stage-name-inline-input","stage-graph-node stage-matrix-stage stage-name-inline-input","frontend-angular/src/app/workbenches/process/stage/process-stage-workbench.component.html; frontend-angular/src/app/workbenches/process/value-domain/value-domain-workbench.component.html; frontend-angular/src/app/workbenches/process/value-domain/value-domain-workbench.component.scss"
"still-used","2945",".stage-node-count","stage-node-count","frontend-angular/src/app/workbenches/process/stage/process-stage-workbench.component.html; frontend-angular/src/app/workbenches/process/value-domain/value-domain-workbench.component.html; frontend-angular/src/app/workbenches/process/value-domain/value-domain-workbench.component.scss"
"still-used","2963",".value-stream-cell.is-editing .stage-node-count","value-stream-cell is-editing stage-node-count","frontend-angular/src/app/workbenches/process/stage/process-stage-workbench.component.html; frontend-angular/src/app/workbenches/process/value-domain/value-domain-workbench.component.html; frontend-angular/src/app/workbenches/process/value-domain/value-domain-workbench.component.scss"
"still-used","2966",".stage-graph-node.stage-matrix-stage:hover","stage-graph-node stage-matrix-stage","frontend-angular/src/app/workbenches/process/stage/process-stage-workbench.component.html; frontend-angular/src/app/workbenches/process/value-domain/value-domain-workbench.component.html; frontend-angular/src/app/workbenches/process/value-domain/value-domain-workbench.component.scss"
"still-used","2970",".stage-graph-node.stage-matrix-stage.is-selected","stage-graph-node stage-matrix-stage is-selected","frontend-angular/src/app/workbenches/component/entity-design/entity-design-workbench.component.html; frontend-angular/src/app/workbenches/component/entity-design/entity-design-workbench.component.scss; frontend-angular/src/app/workbenches/process/stage/process-stage-workbench.component.html"
"still-used","2975",".matrix-stage-delete","matrix-stage-delete","frontend-angular/src/app/workbenches/process/value-domain/value-domain-workbench.component.html; frontend-angular/src/app/workbenches/process/value-domain/value-domain-workbench.component.scss"
"still-used","2991",".matrix-stage-delete:hover","matrix-stage-delete","frontend-angular/src/app/workbenches/process/value-domain/value-domain-workbench.component.html; frontend-angular/src/app/workbenches/process/value-domain/value-domain-workbench.component.scss"
"still-used","2994",".matrix-stage-add","matrix-stage-add","frontend-angular/src/app/workbenches/process/value-domain/value-domain-workbench.component.html; frontend-angular/src/app/workbenches/process/value-domain/value-domain-workbench.component.scss"
"still-used","3009",".matrix-stage-add:hover","matrix-stage-add","frontend-angular/src/app/workbenches/process/value-domain/value-domain-workbench.component.html; frontend-angular/src/app/workbenches/process/value-domain/value-domain-workbench.component.scss"
"suspected-dead","3013",".value-stream-more","value-stream-more",""
"suspected-dead","3025",".stage-editor-section + .stage-editor-section","stage-editor-section",""
"suspected-dead","3028",".stage-editor-section-head","stage-editor-section-head",""
"suspected-dead","3035",".stage-editor-section-head h5","stage-editor-section-head",""
"suspected-dead","3039",".stage-link-list, .stage-member-list","stage-link-list stage-member-list",""
"suspected-dead","3045",".stage-link-row, .stage-member-chip, .stage-inline-row","stage-link-row stage-member-chip stage-inline-row",""
"suspected-dead","3053",".stage-link-row select, .stage-inline-row select","stage-link-row stage-inline-row",""
"suspected-dead","3057",".stage-member-chip","stage-member-chip",""
"suspected-dead","3064",".stage-link-row","stage-link-row",""
"suspected-dead","3070",".stage-link-row.is-related","stage-link-row is-related",""
"suspected-dead","3074",".stage-link-focus-note","stage-link-focus-note",""
"still-used","3088",".stage-link-focus-note.muted","stage-link-focus-note muted","frontend-angular/src/app/shared/layout/workbench-section.css; frontend-angular/src/app/workbenches/component/component-workbench.html; frontend-angular/src/app/workbenches/component/entity-design/entity-design-workbench.component.html"
"suspected-dead","3094",".stage-member-label","stage-member-label",""
"still-used","3100",".stage-member-actions, .row-actions","stage-member-actions row-actions","frontend-angular/src/app/workbenches/knowledge/knowledge-workbench.html; frontend-angular/src/app/workbenches/knowledge/knowledge-workbench.scss; frontend-angular/src/app/workbenches/process/editor/process-editor-workbench.component.html"
"still-used","3106",".stage-quick-btn","stage-quick-btn","frontend-angular/src/app/workbenches/component/business-model/business-model-workbench.component.html; frontend-angular/src/app/workbenches/component/entity-design/entity-design-workbench.component.html; frontend-angular/src/app/workbenches/process/stage/process-stage-workbench.component.html"
"still-used","3122",".stage-quick-btn:hover","stage-quick-btn","frontend-angular/src/app/workbenches/component/business-model/business-model-workbench.component.html; frontend-angular/src/app/workbenches/component/entity-design/entity-design-workbench.component.html; frontend-angular/src/app/workbenches/process/stage/process-stage-workbench.component.html"
"still-used","3126",".stage-quick-btn[disabled]","stage-quick-btn","frontend-angular/src/app/workbenches/component/business-model/business-model-workbench.component.html; frontend-angular/src/app/workbenches/component/entity-design/entity-design-workbench.component.html; frontend-angular/src/app/workbenches/process/stage/process-stage-workbench.component.html"
"still-used","3133",".stage-quick-btn-text","stage-quick-btn-text","frontend-angular/src/app/workbenches/component/business-model/business-model-workbench.component.html"
"still-used","3137",".stage-quick-btn.danger","stage-quick-btn danger","frontend-angular/src/app/core/shell/history/history-dialog.component.html; frontend-angular/src/app/core/shell/history/history-dialog.component.scss; frontend-angular/src/app/legacy-shell/legacy-shell.component.html"
"still-used","3144",".stage-quick-btn.danger:hover","stage-quick-btn danger","frontend-angular/src/app/core/shell/history/history-dialog.component.html; frontend-angular/src/app/core/shell/history/history-dialog.component.scss; frontend-angular/src/app/legacy-shell/legacy-shell.component.html"
"suspected-dead","3148",".stage-inline-row","stage-inline-row",""
"suspected-dead","3152",".stage-overview-editor-list","stage-overview-editor-list",""
"suspected-dead","3157",".stage-overview-editor-row","stage-overview-editor-row",""
"suspected-dead","3167",".stage-overview-editor-row.is-focused","stage-overview-editor-row is-focused",""
"suspected-dead","3171",".stage-overview-editor-row input","stage-overview-editor-row",""
"suspected-dead","3174",".stage-overview-editor-row select","stage-overview-editor-row",""
"suspected-dead","3178",".stage-overview-id-badge, .readonly-token","stage-overview-id-badge readonly-token",""
"still-used","3192",".stage-overview-row-actions","stage-overview-row-actions","frontend-angular/src/app/workbenches/process/value-domain/value-domain-workbench.component.scss"
"still-used","3198",".stage-overview-row-actions .stage-quick-btn","stage-overview-row-actions stage-quick-btn","frontend-angular/src/app/workbenches/component/business-model/business-model-workbench.component.html; frontend-angular/src/app/workbenches/component/entity-design/entity-design-workbench.component.html; frontend-angular/src/app/workbenches/process/stage/process-stage-workbench.component.html"
"suspected-dead","3203",".panorama-table-editor","panorama-table-editor",""
"suspected-dead","3206",".panorama-config-block + .panorama-config-block","panorama-config-block",""
"suspected-dead","3209",".panorama-config-title","panorama-config-title",""
"suspected-dead","3219",".panorama-config-list","panorama-config-list",""
"suspected-dead","3224",".panorama-config-row, .panorama-cell-editor-row","panorama-config-row panorama-cell-editor-row",""
"suspected-dead","3234",".panorama-config-row","panorama-config-row",""
"suspected-dead","3237",".panorama-lane-editor-row","panorama-lane-editor-row",""
"suspected-dead","3240",".panorama-config-row input, .panorama-cell-editor-row input","panorama-config-row panorama-cell-editor-row",""
"suspected-dead","3244",".panorama-cell-editor-grid","panorama-cell-editor-grid",""
"suspected-dead","3249",".panorama-cell-editor-row","panorama-cell-editor-row",""
"suspected-dead","3252",".panorama-cell-coordinate","panorama-cell-coordinate",""
"still-used","3261",".stage-overview-row-actions .stage-quick-btn-text","stage-overview-row-actions stage-quick-btn-text","frontend-angular/src/app/workbenches/component/business-model/business-model-workbench.component.html; frontend-angular/src/app/workbenches/process/value-domain/value-domain-workbench.component.scss"
"suspected-dead","3264",".stage-link-arrow","stage-link-arrow",""
"suspected-dead","3268",".stage-tip","stage-tip",""
"still-used","3274",".stage-main-shell .diag-empty","stage-main-shell diag-empty","frontend-angular/src/app/workbenches/process/editor/process-editor-workbench.component.html; frontend-angular/src/app/workbenches/process/flow/process-flow-workbench.component.html; frontend-angular/src/app/workbenches/process/shell/process-workbench-shell.component.scss"
"suspected-dead","3277",".proc-subdrawer","proc-subdrawer",""
"still-used","3294",".proc-subdrawer.open","proc-subdrawer open","frontend-angular/src/app/app.spec.ts; frontend-angular/src/app/core/collaboration/collaboration.service.spec.ts; frontend-angular/src/app/core/collaboration/collaboration.service.ts"
"suspected-dead","3299",".subdrawer-head","subdrawer-head",""
"suspected-dead","3309",".subdrawer-body","subdrawer-body",""
"legacy-compat-selector","3314",".subdrawer-toolbar","subdrawer-toolbar",""
"suspected-dead","3321",".orch-list","orch-list",""
"suspected-dead","3326",".orch-card","orch-card",""
"suspected-dead","3335",".asset-focus-flash","asset-focus-flash",""
"suspected-dead","3343",".orch-row","orch-row",""
"suspected-dead","3349",".orch-row + .orch-row","orch-row",""
"still-used","3352",".orch-row .step-del","orch-row step-del","frontend-angular/src/app/workbenches/process/editor/process-editor-workbench.component.html"
"suspected-dead","3355",".orch-spacer","orch-spacer",""
"suspected-dead","3359",".node-summary-row","node-summary-row",""
"suspected-dead","3365",".node-summary-pill","node-summary-pill",""
"suspected-dead","3376",".repeat-toggle","repeat-toggle",""
"suspected-dead","3383",".repeat-toggle input","repeat-toggle",""
"suspected-dead","3384",".repeat-toggle:has(input:checked)","repeat-toggle",""
"suspected-dead","3385",".two-col","two-col",""
"suspected-dead","3388",".list-panel","list-panel",""
"suspected-dead","3392",".detail-panel","detail-panel",""
"suspected-dead","3393",".list-panel-header","list-panel-header",""
"suspected-dead","3398",".list-panel-body","list-panel-body",""
"suspected-dead","3399",".list-item","list-item",""
"suspected-dead","3403",".list-item:hover","list-item",""
"still-used","3404",".list-item.active","list-item active","frontend-angular/src/app/app.spec.ts; frontend-angular/src/app/core/shell/history/history-dialog.component.html; frontend-angular/src/app/core/shell/history/history-dialog.component.scss"
"suspected-dead","3405",".list-item-id","list-item-id",""
"suspected-dead","3406",".list-item-name","list-item-name",""
"suspected-dead","3407",".list-item-del","list-item-del",""
"suspected-dead","3411",".list-item:hover .list-item-del","list-item list-item-del",""
"suspected-dead","3412",".list-item-del:hover","list-item-del",""
"still-used","3413",".form-section","form-section","frontend-angular/src/app/workbenches/process/editor/process-editor-workbench.component.html; frontend-angular/src/app/workbenches/process/editor/process-editor-workbench.component.scss"
"still-used","3416",".form-section h4","form-section","frontend-angular/src/app/workbenches/process/editor/process-editor-workbench.component.html; frontend-angular/src/app/workbenches/process/editor/process-editor-workbench.component.scss"
"still-used","3421",".section-toolbar","section-toolbar","frontend-angular/src/app/workbenches/process/shell/process-workbench-shell.component.scss"
"still-used","3428",".section-toolbar h4","section-toolbar","frontend-angular/src/app/workbenches/process/shell/process-workbench-shell.component.scss"
"legacy-compat-selector","3434",".orch-toolbar-actions","orch-toolbar-actions",""
"legacy-compat-selector","3441",".orch-toolbar-actions select","orch-toolbar-actions",""
"suspected-dead","3451",".orch-reuse-block","orch-reuse-block",""
"suspected-dead","3461",".orch-block-head, .orch-compose-head","orch-block-head orch-compose-head",""
"suspected-dead","3468",".orch-block-head strong, .orch-compose-head strong","orch-block-head orch-compose-head",""
"suspected-dead","3474",".orch-block-head span, .orch-compose-head span","orch-block-head orch-compose-head",""
"suspected-dead","3484",".orch-compose-head","orch-compose-head",""
"suspected-dead","3487",".task-definition-node-actions","task-definition-node-actions",""
"suspected-dead","3495",".orch-reuse-panel","orch-reuse-panel",""
"suspected-dead","3503",".orch-reuse-panel select, .orch-reuse-panel input","orch-reuse-panel",""
"suspected-dead","3514",".orch-reuse-panel select:disabled, .orch-reuse-panel input:disabled","orch-reuse-panel",""
"suspected-dead","3519",".orch-reuse-more","orch-reuse-more",""
"still-used","3524",".section-count","section-count","frontend-angular/src/app/workbenches/process/shell/process-workbench-shell.component.scss"
"suspected-dead","3536",".task-form-list","task-form-list",""
"still-used","3541",".task-form-card","task-form-card","frontend-angular/src/app/workbenches/process/editor/process-editor-workbench.component.html"
"still-used","3547",".task-form-card-head, .task-form-section-head","task-form-card-head task-form-section-head","frontend-angular/src/app/workbenches/process/editor/process-editor-workbench.component.html"
"still-used","3554",".task-form-index","task-form-index","frontend-angular/src/app/workbenches/process/editor/process-editor-workbench.component.html"
"suspected-dead","3566",".task-form-entity-summary","task-form-entity-summary",""
"still-used","3574",".task-form-card input, .task-form-card select","task-form-card","frontend-angular/src/app/workbenches/process/editor/process-editor-workbench.component.html"
"still-used","3586",".task-form-purpose","task-form-purpose","frontend-angular/src/app/workbenches/process/editor/process-editor-workbench.component.html"
"still-used","3589",".task-form-sections","task-form-sections","frontend-angular/src/app/workbenches/process/editor/process-editor-workbench.component.html"
"still-used","3595",".task-form-section-card","task-form-section-card","frontend-angular/src/app/workbenches/process/editor/process-editor-workbench.component.html"
"still-used","3601",".task-form-section-head","task-form-section-head","frontend-angular/src/app/workbenches/process/editor/process-editor-workbench.component.html"
"still-used","3604",".task-form-field-table-wrap","task-form-field-table-wrap","frontend-angular/src/app/workbenches/process/editor/process-editor-workbench.component.html"
"still-used","3608",".task-form-field-table","task-form-field-table","frontend-angular/src/app/workbenches/process/editor/process-editor-workbench.component.html"
"still-used","3615",".task-form-field-table th","task-form-field-table","frontend-angular/src/app/workbenches/process/editor/process-editor-workbench.component.html"
"still-used","3621",".task-form-field-table td","task-form-field-table","frontend-angular/src/app/workbenches/process/editor/process-editor-workbench.component.html"
"still-used","3625",".task-form-field-table textarea.auto-resize","task-form-field-table auto-resize","frontend-angular/src/app/workbenches/process/editor/process-editor-workbench.component.html"
"still-used","3631",".task-form-field-table textarea.auto-resize:focus, .task-form-field-table textarea.auto-resize[style*=""height""]","task-form-field-table auto-resize","frontend-angular/src/app/workbenches/process/editor/process-editor-workbench.component.html"
"still-used","3633",".task-form-required-cell, .task-form-action-cell","task-form-required-cell task-form-action-cell","frontend-angular/src/app/workbenches/process/editor/process-editor-workbench.component.html"
"still-used","3640",".task-form-required-cell input","task-form-required-cell","frontend-angular/src/app/workbenches/process/editor/process-editor-workbench.component.html"
"still-used","3646",".task-form-empty","task-form-empty","frontend-angular/src/app/workbenches/process/editor/process-editor-workbench.component.html"
"still-used","3649",".task-form-section-add","task-form-section-add","frontend-angular/src/app/workbenches/process/editor/process-editor-workbench.component.html"
"still-used","3652",".task-form-inline-actions","task-form-inline-actions","frontend-angular/src/app/workbenches/process/editor/process-editor-workbench.component.html"
"still-used","3656",".task-form-inline-actions .step-del","task-form-inline-actions step-del","frontend-angular/src/app/workbenches/process/editor/process-editor-workbench.component.html"
"suspected-dead","3659",".task-rule-actions","task-rule-actions",""
"suspected-dead","3666",".task-rule-list","task-rule-list",""
"suspected-dead","3671",".task-rule-card","task-rule-card",""
"suspected-dead","3680",".task-rule-head","task-rule-head",""
"suspected-dead","3686",".task-rule-head input","task-rule-head",""
"suspected-dead","3697",".task-rule-content","task-rule-content",""
"suspected-dead","3710",".task-rule-content:focus","task-rule-content",""
"suspected-dead","3714",".task-rule-content-preview","task-rule-content-preview",""
"still-used","3722",".task-rule-content-preview .btn","task-rule-content-preview btn","frontend-angular/src/app/app.spec.ts; frontend-angular/src/app/core/shell/history/history-dialog.component.html; frontend-angular/src/app/core/shell/history/history-dialog.component.scss"
"suspected-dead","3725",".task-rule-empty-content","task-rule-empty-content",""
"suspected-dead","3729",".task-rule-content-actions","task-rule-content-actions",""
"suspected-dead","3736",".task-rule-draft-hint","task-rule-draft-hint",""
"suspected-dead","3742",".rich-text-field","rich-text-field",""
"legacy-compat-selector","3746",".rich-text-toolbar","rich-text-toolbar",""
"legacy-compat-selector","3762",".rich-text-field:focus-within .rich-text-toolbar, .rich-text-toolbar:hover","rich-text-field rich-text-toolbar",""
"suspected-dead","3767",".rich-text-btn","rich-text-btn",""
"suspected-dead","3779",".rich-text-btn:hover","rich-text-btn",""
"suspected-dead","3782",".rich-text-storage","rich-text-storage",""
"suspected-dead","3785",".rich-text-editor","rich-text-editor",""
"suspected-dead","3789",".rich-text-editor.step-note, .rich-text-editor.task-rule-content","rich-text-editor step-note task-rule-content",""
"suspected-dead","3793",".rich-text-editor:empty::before","rich-text-editor",""
"suspected-dead","3797",".rich-text-editor ul, .rich-text-editor ol, .rich-text-rendered ul, .rich-text-rendered ol","rich-text-editor rich-text-rendered",""
"suspected-dead","3804",".rich-text-editor ol, .rich-text-rendered ol","rich-text-editor rich-text-rendered",""
"suspected-dead","3808",".rich-text-editor ol ol, .rich-text-rendered ol ol","rich-text-editor rich-text-rendered",""
"suspected-dead","3814",".rich-text-editor ul ul, .rich-text-rendered ul ul","rich-text-editor rich-text-rendered",""
"suspected-dead","3820",".rich-text-editor li::marker, .rich-text-rendered li::marker","rich-text-editor rich-text-rendered",""
"suspected-dead","3825",".rich-text-editor li, .rich-text-rendered li","rich-text-editor rich-text-rendered",""
"suspected-dead","3829",".rich-text-editor strong, .rich-text-rendered strong, .rich-text-editor b, .rich-text-rendered b","rich-text-editor rich-text-rendered",""
"suspected-dead","3836",".orch-card .step-note-empty, .orch-card .step-note-preview, .orch-card .step-note-editor","orch-card step-note-empty step-note-preview step-note-editor",""
"suspected-dead","3841",".node-perspective-switch","node-perspective-switch",""
"suspected-dead","3851",".preview-matrix-stage-list","preview-matrix-stage-list",""
"suspected-dead","3857",".preview-matrix-stage","preview-matrix-stage",""
"suspected-dead","3871",".preview-matrix-stage strong","preview-matrix-stage",""
"suspected-dead","3876",".preview-matrix-stage em","preview-matrix-stage",""
"suspected-dead","3882",".node-perspective-btn","node-perspective-btn",""
"still-used","3892",".node-perspective-btn.active","node-perspective-btn active","frontend-angular/src/app/app.spec.ts; frontend-angular/src/app/core/shell/history/history-dialog.component.html; frontend-angular/src/app/core/shell/history/history-dialog.component.scss"
"suspected-dead","3897",".node-perspective-panel","node-perspective-panel",""
"still-used","3903",".node-perspective-panel.active","node-perspective-panel active","frontend-angular/src/app/app.spec.ts; frontend-angular/src/app/core/shell/history/history-dialog.component.html; frontend-angular/src/app/core/shell/history/history-dialog.component.scss"
"suspected-dead","3907",".orch-index","orch-index",""
"suspected-dead","3919",".orch-row-main","orch-row-main",""
"suspected-dead","3922",".orch-row-secondary","orch-row-secondary",""
"suspected-dead","3925",".orch-tech-field","orch-tech-field",""
"suspected-dead","3932",".orch-tech-field-wide","orch-tech-field-wide",""
"suspected-dead","3935",".orch-tech-field span","orch-tech-field",""
"suspected-dead","3941",".orch-actions","orch-actions",""
"suspected-dead","3947",".orch-name","orch-name",""
"suspected-dead","3950",".orch-flow-frame","orch-flow-frame",""
"suspected-dead","3957",".orch-flow-node-label","orch-flow-node-label",""
"suspected-dead","3968",".orch-flow-track","orch-flow-track",""
"suspected-dead","3975",".orch-flow-item","orch-flow-item",""
"suspected-dead","3980",".orch-flow-card","orch-flow-card",""
"suspected-dead","3992",".orch-flow-card strong","orch-flow-card",""
"suspected-dead","3998",".orch-flow-card span","orch-flow-card",""
"suspected-dead","4004",".orch-flow-card.tone-query","orch-flow-card tone-query",""
"suspected-dead","4008",".orch-flow-card.tone-check","orch-flow-card tone-check",""
"suspected-dead","4012",".orch-flow-card.tone-compute","orch-flow-card tone-compute",""
"suspected-dead","4016",".orch-flow-card.tone-service","orch-flow-card tone-service",""
"suspected-dead","4020",".orch-flow-card.tone-mutate","orch-flow-card tone-mutate",""
"suspected-dead","4024",".orch-flow-card.tone-custom","orch-flow-card tone-custom",""
"suspected-dead","4028",".orch-flow-index","orch-flow-index",""
"suspected-dead","4041",".orch-flow-text","orch-flow-text",""
"suspected-dead","4044",".orch-flow-arrow","orch-flow-arrow",""
"suspected-dead","4050",".orch-flow-empty","orch-flow-empty",""
"suspected-dead","4060",".ptf-wrap","ptf-wrap",""
"suspected-dead","4067",".ptf-se","ptf-se",""
"suspected-dead","4082",".ptf-outer-arrow, .ptf-inner-arrow","ptf-outer-arrow ptf-inner-arrow",""
"suspected-dead","4093",".ptf-node-frame","ptf-node-frame",""
"still-used","4106",".ptf-node-frame.active","ptf-node-frame active","frontend-angular/src/app/app.spec.ts; frontend-angular/src/app/core/shell/history/history-dialog.component.html; frontend-angular/src/app/core/shell/history/history-dialog.component.scss"
"suspected-dead","4110",".ptf-node-head","ptf-node-head",""
"suspected-dead","4117",".ptf-node-id","ptf-node-id",""
"suspected-dead","4130",".ptf-node-name","ptf-node-name",""
"suspected-dead","4135",".ptf-node-track","ptf-node-track",""
"suspected-dead","4141",".ptf-task-item","ptf-task-item",""
"suspected-dead","4153",".ptf-task-item.tone-query","ptf-task-item tone-query",""
"suspected-dead","4154",".ptf-task-item.tone-check","ptf-task-item tone-check",""
"suspected-dead","4155",".ptf-task-item.tone-compute","ptf-task-item tone-compute",""
"suspected-dead","4156",".ptf-task-item.tone-service","ptf-task-item tone-service",""
"suspected-dead","4157",".ptf-task-item.tone-mutate","ptf-task-item tone-mutate",""
"suspected-dead","4158",".ptf-task-item.tone-custom","ptf-task-item tone-custom",""
"suspected-dead","4159",".ptf-task-index","ptf-task-index",""
"suspected-dead","4172",".ptf-task-text","ptf-task-text",""
"suspected-dead","4175",".ptf-task-text strong","ptf-task-text",""
"suspected-dead","4181",".ptf-task-text span","ptf-task-text",""
"suspected-dead","4187",".ptf-empty","ptf-empty",""
"still-used","4196",".step-list","step-list","frontend-angular/src/app/workbenches/process/editor/process-editor-workbench.component.html"
"still-used","4200",".step-row","step-row","frontend-angular/src/app/workbenches/process/editor/process-editor-workbench.component.html"
"suspected-dead","4204",".step-row-top","step-row-top",""
"suspected-dead","4210",".step-num","step-num",""
"still-used","4211",".step-name","step-name","frontend-angular/src/app/workbenches/process/editor/process-editor-workbench.component.html"
"still-used","4212",".step-name:focus, .step-name[style*=""height""]","step-name","frontend-angular/src/app/workbenches/process/editor/process-editor-workbench.component.html"
"still-used","4214",".step-type","step-type","frontend-angular/src/app/workbenches/process/editor/process-editor-workbench.component.html"
"still-used","4215","input.step-type-custom","step-type-custom","frontend-angular/src/app/workbenches/process/editor/process-editor-workbench.component.html"
"still-used","4216",".step-actions","step-actions","frontend-angular/src/app/workbenches/process/editor/process-editor-workbench.component.html"
"still-used","4224",".step-action","step-action","frontend-angular/src/app/workbenches/process/editor/process-editor-workbench.component.html"
"still-used","4239",".step-action:hover","step-action","frontend-angular/src/app/workbenches/process/editor/process-editor-workbench.component.html"
"still-used","4244",".step-action:disabled","step-action","frontend-angular/src/app/workbenches/process/editor/process-editor-workbench.component.html"
"still-used","4250",".step-del","step-del","frontend-angular/src/app/workbenches/process/editor/process-editor-workbench.component.html"
"still-used","4252",".step-del:hover","step-del","frontend-angular/src/app/workbenches/process/editor/process-editor-workbench.component.html"
"suspected-dead","4253",".step-note","step-note",""
"suspected-dead","4261",".step-note:focus","step-note",""
"suspected-dead","4266",".step-note-empty","step-note-empty",""
"suspected-dead","4270",".step-note-preview","step-note-preview",""
"suspected-dead","4279",".step-note-preview span","step-note-preview",""
"suspected-dead","4285",".step-note-editor","step-note-editor",""
"suspected-dead","4291",".step-note-actions","step-note-actions",""
"suspected-dead","4298",".step-note-tip","step-note-tip",""
"still-used","4305",".step-actions","step-actions","frontend-angular/src/app/workbenches/process/editor/process-editor-workbench.component.html"
"still-used","4309",".badge","badge","frontend-angular/src/app/app.spec.ts; frontend-angular/src/app/core/document/value-domain-model.ts; frontend-angular/src/app/core/shell/sidebar/sidebar-directory.component.html"
"suspected-dead","4313",".badge-Query","badge-Query",""
"suspected-dead","4314",".badge-Check","badge-Check",""
"suspected-dead","4315",".badge-Compute","badge-Compute",""
"suspected-dead","4316",".badge-Mutate","badge-Mutate",""
"suspected-dead","4317",".badge-Fill","badge-Fill",""
"suspected-dead","4318",".badge-Select","badge-Select",""
"suspected-dead","4319",".eop-list","eop-list",""
"suspected-dead","4322",".eop-tag","eop-tag",""
"suspected-dead","4327",".eop-name","eop-name",""
"suspected-dead","4330",".eop-name:hover","eop-name",""
"suspected-dead","4331",".eop-ops","eop-ops",""
"suspected-dead","4332",".op-cb","op-cb",""
"suspected-dead","4333",".op-cb input","op-cb",""
"still-used","4334",".op-c","op-c","frontend-angular/src/app/core/shell/wait-dialog/wait-dialog.component.scss; frontend-angular/src/app/workbenches/process/editor/process-editor-workbench.component.scss"
"suspected-dead","4335",".op-u","op-u",""
"suspected-dead","4336",".op-d","op-d",""
"suspected-dead","4337",".eop-del","eop-del",""
"suspected-dead","4339",".eop-del:hover","eop-del",""
"suspected-dead","4340",".add-eop-row","add-eop-row",""
"suspected-dead","4347",".add-eop-row select","add-eop-row",""
"still-used","4348",".prototype-file-list","prototype-file-list","frontend-angular/src/app/workbenches/process/editor/process-editor-workbench.component.html"
"still-used","4355",".prototype-file-item","prototype-file-item","frontend-angular/src/app/workbenches/process/editor/process-editor-workbench.component.html"
"still-used","4366",".prototype-file-meta","prototype-file-meta","frontend-angular/src/app/workbenches/process/editor/process-editor-workbench.component.html"
"still-used","4372",".prototype-file-name","prototype-file-name","frontend-angular/src/app/workbenches/process/editor/process-editor-workbench.component.html"
"still-used","4377",".prototype-file-kind","prototype-file-kind","frontend-angular/src/app/workbenches/process/editor/process-editor-workbench.component.html"
"still-used","4381",".prototype-file-version","prototype-file-version","frontend-angular/src/app/workbenches/process/editor/process-editor-workbench.component.html"
"still-used","4385",".prototype-file-actions","prototype-file-actions","frontend-angular/src/app/workbenches/process/editor/process-editor-workbench.component.html"
"still-used","4393",".prototype-file-remove","prototype-file-remove","frontend-angular/src/app/workbenches/process/editor/process-editor-workbench.component.html"
"still-used","4396",".prototype-file-remove:hover","prototype-file-remove","frontend-angular/src/app/workbenches/process/editor/process-editor-workbench.component.html"
"still-used","4399",".prototype-version-list","prototype-version-list","frontend-angular/src/app/workbenches/process/editor/process-editor-workbench.component.html; frontend-angular/src/app/workbenches/process/flow/process-flow-workbench.component.html"
"still-used","4408",".prototype-version-item","prototype-version-item","frontend-angular/src/app/workbenches/process/editor/process-editor-workbench.component.html; frontend-angular/src/app/workbenches/process/flow/process-flow-workbench.component.html"
"still-used","4418",".prototype-version-meta","prototype-version-meta","frontend-angular/src/app/workbenches/process/editor/process-editor-workbench.component.html"
"still-used","4424",".prototype-version-label","prototype-version-label","frontend-angular/src/app/workbenches/process/editor/process-editor-workbench.component.html"
"still-used","4428",".prototype-version-time","prototype-version-time","frontend-angular/src/app/workbenches/process/editor/process-editor-workbench.component.html"
"still-used","4432",".prototype-version-actions","prototype-version-actions","frontend-angular/src/app/workbenches/process/editor/process-editor-workbench.component.html"
"still-used","4439",".prototype-upload-row","prototype-upload-row","frontend-angular/src/app/workbenches/process/editor/process-editor-workbench.component.html"
"still-used","4448",".prototype-upload-row input[type=file]","prototype-upload-row","frontend-angular/src/app/workbenches/process/editor/process-editor-workbench.component.html"
"suspected-dead","4457",".prototype-upload-hint","prototype-upload-hint",""
"suspected-dead","4463",".task-ref-list","task-ref-list",""
"suspected-dead","4466",".task-ref","task-ref",""
"suspected-dead","4470",".task-ref:hover","task-ref",""
"still-used","4471",".no-refs","no-refs","frontend-angular/src/app/workbenches/process/editor/process-editor-workbench.component.html; frontend-angular/src/app/workbenches/process/shell/process-workbench-shell.component.scss; frontend-angular/src/app/workbenches/role/role-workbench.html"
"still-used","4472",".field-table","field-table","frontend-angular/src/app/workbenches/process/editor/process-editor-workbench.component.html"
"still-used","4475",".field-table th","field-table","frontend-angular/src/app/workbenches/process/editor/process-editor-workbench.component.html"
"still-used","4479",".field-table td","field-table","frontend-angular/src/app/workbenches/process/editor/process-editor-workbench.component.html"
"still-used","4480",".field-table tr:hover td","field-table","frontend-angular/src/app/workbenches/process/editor/process-editor-workbench.component.html"
"still-used","4481",".field-table input[type=text]","field-table","frontend-angular/src/app/workbenches/process/editor/process-editor-workbench.component.html"
"still-used","4482",".field-table input[type=checkbox]","field-table","frontend-angular/src/app/workbenches/process/editor/process-editor-workbench.component.html"
"suspected-dead","4483",".field-status-cell","field-status-cell",""
"suspected-dead","4484",".field-status-role-wrap","field-status-role-wrap",""
"suspected-dead","4492",".field-status-role-select","field-status-role-select",""
"suspected-dead","4503",".field-status-role-select:focus","field-status-role-select",""
"suspected-dead","4506",".field-status-role-wrap:focus-within","field-status-role-wrap",""
"suspected-dead","4509",".field-status-role-wrap-none","field-status-role-wrap-none",""
"suspected-dead","4513",".field-status-role-select-none","field-status-role-select-none",""
"suspected-dead","4516",".field-status-role-wrap-primary","field-status-role-wrap-primary",""
"suspected-dead","4520",".field-status-role-select-primary","field-status-role-select-primary",""
"suspected-dead","4523",".field-status-role-wrap-secondary","field-status-role-wrap-secondary",""
"suspected-dead","4527",".field-status-role-select-secondary","field-status-role-select-secondary",""
"suspected-dead","4530",".field-actions-cell","field-actions-cell",""
"suspected-dead","4531",".field-actions","field-actions",""
"suspected-dead","4537",".field-action","field-action",""
"suspected-dead","4552",".field-action:hover","field-action",""
"suspected-dead","4557",".field-action:disabled","field-action",""
"suspected-dead","4563",".field-del","field-del",""
"suspected-dead","4565",".field-del:hover","field-del",""
"suspected-dead","4566",".field-actions .field-del","field-actions field-del",""
"suspected-dead","4576",".rel-list","rel-list",""
"suspected-dead","4579",".rel-row","rel-row",""
"suspected-dead","4583",".rel-row select, .rel-row input","rel-row",""
"suspected-dead","4584",".rel-row .rel-label-input","rel-row rel-label-input",""
"suspected-dead","4588",".rel-actions","rel-actions",""
"suspected-dead","4595",".rel-action","rel-action",""
"suspected-dead","4610",".rel-action:hover","rel-action",""
"suspected-dead","4615",".rel-action:disabled","rel-action",""
"suspected-dead","4621",".rel-actions .field-del","rel-actions field-del",""
"suspected-dead","4631",".rel-sym","rel-sym",""
"suspected-dead","4632",".rel-scope-tip","rel-scope-tip",""
"suspected-dead","4637",".rule-type-StepRule","rule-type-StepRule",""
"suspected-dead","4640",".rule-type-DataRule","rule-type-DataRule",""
"suspected-dead","4641",".rule-type-ComputeRule","rule-type-ComputeRule",""
"suspected-dead","4642",".domain-scroll","domain-scroll",""
"suspected-dead","4645",".domain-scroll.value-domain-scroll","domain-scroll value-domain-scroll",""
"still-used","4652",".domain-scroll.value-domain-scroll > .view-toggle-group","domain-scroll value-domain-scroll view-toggle-group","frontend-angular/src/app/workbenches/component/shell/component-workbench-shell.component.html; frontend-angular/src/app/workbenches/panorama/panorama-workbench.html; frontend-angular/src/app/workbenches/process/shell/process-workbench-shell.component.html"
"suspected-dead","4656",".domain-scroll.value-domain-scroll > .workbench-subtab-shell","domain-scroll value-domain-scroll workbench-subtab-shell",""
"suspected-dead","4660",".domain-scroll.value-domain-scroll > #value-domain-angular-host","domain-scroll value-domain-scroll value-domain-angular-host",""
"legacy-compat-selector","4666",".domain-subtab-bar","domain-subtab-bar",""
"suspected-dead","4670",".domain-subtab-btn","domain-subtab-btn",""
"suspected-dead","4676",".domain-subtab-btn:hover","domain-subtab-btn",""
"still-used","4677",".domain-subtab-btn.active","domain-subtab-btn active","frontend-angular/src/app/app.spec.ts; frontend-angular/src/app/core/shell/history/history-dialog.component.html; frontend-angular/src/app/core/shell/history/history-dialog.component.scss"
"still-used","4678",".ctx-card","ctx-card","frontend-angular/src/app/workbenches/component/shell/component-workbench-shell.component.html; frontend-angular/src/app/workbenches/role/role-workbench.html"
"still-used","4679",".ctx-card h3","ctx-card","frontend-angular/src/app/workbenches/component/shell/component-workbench-shell.component.html; frontend-angular/src/app/workbenches/role/role-workbench.html"
"suspected-dead","4682",".domain-info-bar","domain-info-bar",""
"suspected-dead","4685",".info-bar-row","info-bar-row",""
"suspected-dead","4689",".info-bar-row:last-child","info-bar-row",""
"suspected-dead","4690",".info-bar-label","info-bar-label",""
"suspected-dead","4694",".info-bar-lang:hover","info-bar-lang",""
"suspected-dead","4696",".lang-collapse-btn","lang-collapse-btn",""
"suspected-dead","4702",".lang-summary","lang-summary",""
"still-used","4703",".term-table","term-table","frontend-angular/src/app/workbenches/component/shell/component-workbench-shell.component.html"
"still-used","4706",".term-table th","term-table","frontend-angular/src/app/workbenches/component/shell/component-workbench-shell.component.html"
"still-used","4708",".term-table td","term-table","frontend-angular/src/app/workbenches/component/shell/component-workbench-shell.component.html"
"still-used","4709",".term-table tr:hover td","term-table","frontend-angular/src/app/workbenches/component/shell/component-workbench-shell.component.html"
"suspected-dead","4710",".preview-wrap","preview-wrap",""
"suspected-dead","4715",".preview-topbar","preview-topbar",""
"suspected-dead","4720",".preview-loading-placeholder","preview-loading-placeholder",""
"suspected-dead","4728",".pv-lazy-section","pv-lazy-section",""
"suspected-dead","4735",".pv-lazy-section h3","pv-lazy-section",""
"suspected-dead","4738",".pv-lazy-placeholder","pv-lazy-placeholder",""
"still-used","4750",".btn-ghost-sm","btn-ghost-sm","frontend-angular/src/app/workbenches/component/entity-design/entity-design-workbench.component.html; frontend-angular/src/app/workbenches/process/editor/process-editor-workbench.component.html; frontend-angular/src/app/workbenches/process/shell/process-workbench-shell.component.html"
"still-used","4755",".btn-ghost-sm:hover","btn-ghost-sm","frontend-angular/src/app/workbenches/component/entity-design/entity-design-workbench.component.html; frontend-angular/src/app/workbenches/process/editor/process-editor-workbench.component.html; frontend-angular/src/app/workbenches/process/shell/process-workbench-shell.component.html"
"still-used","4756",".btn-ghost-sm[disabled]","btn-ghost-sm","frontend-angular/src/app/workbenches/component/entity-design/entity-design-workbench.component.html; frontend-angular/src/app/workbenches/process/editor/process-editor-workbench.component.html; frontend-angular/src/app/workbenches/process/shell/process-workbench-shell.component.html"
"suspected-dead","4757",".preview-md","preview-md",""
"suspected-dead","4765",".preview-body","preview-body",""
"suspected-dead","4774",".preview-outline","preview-outline",""
"suspected-dead","4780",".preview-outline-title","preview-outline-title",""
"suspected-dead","4786",".preview-outline-list","preview-outline-list",""
"suspected-dead","4791",".preview-outline-link","preview-outline-link",""
"suspected-dead","4802",".preview-outline-link:hover","preview-outline-link",""
"still-used","4806",".preview-outline-link.depth-1","preview-outline-link depth-1","frontend-angular/src/app/workbenches/support/manual/manual-workbench.component.html"
"suspected-dead","4810",".preview-rendered","preview-rendered",""
"suspected-dead","4817",".preview-rendered h1","preview-rendered",""
"suspected-dead","4818",".preview-rendered h2","preview-rendered",""
"suspected-dead","4819",".preview-rendered h3","preview-rendered",""
"suspected-dead","4820",".preview-rendered h4","preview-rendered",""
"suspected-dead","4821",".preview-rendered p","preview-rendered",""
"suspected-dead","4822",".preview-rendered hr","preview-rendered",""
"suspected-dead","4823",".preview-rendered table","preview-rendered",""
"suspected-dead","4824",".preview-rendered th","preview-rendered",""
"suspected-dead","4825",".preview-rendered td","preview-rendered",""
"suspected-dead","4826",".preview-rendered tr:nth-child(even) td","preview-rendered",""
"suspected-dead","4827",".pv-rule-table td:last-child","pv-rule-table",""
"suspected-dead","4830",".preview-rendered .pv-rich-text","preview-rendered pv-rich-text",""
"suspected-dead","4834",".preview-rendered .pv-rich-text ul, .preview-rendered .pv-rich-text ol","preview-rendered pv-rich-text",""
"suspected-dead","4839",".preview-rendered .pv-rich-text li + li","preview-rendered pv-rich-text",""
"suspected-dead","4842",".preview-rendered code","preview-rendered",""
"suspected-dead","4843",".preview-rendered pre","preview-rendered",""
"suspected-dead","4844",".preview-rendered pre code","preview-rendered",""
"suspected-dead","4845",".preview-rendered strong","preview-rendered",""
"suspected-dead","4846",".preview-rendered blockquote","preview-rendered",""
"suspected-dead","4849",".preview-body","preview-body",""
"suspected-dead","4852",".preview-outline","preview-outline",""
"suspected-dead","4857",".preview-rendered","preview-rendered",""
"suspected-dead","4861",".ps-wrap","ps-wrap",""
"still-used","4869",".ps-wrap.horizontal","ps-wrap horizontal","frontend-angular/src/app/workbenches/process/editor/process-editor-legacy-adapter.ts; frontend-angular/src/app/workbenches/process/flow/process-flow-model.service.ts"
"suspected-dead","4870",".ps-lane","ps-lane",""
"still-used","4878",".ps-wrap.horizontal .ps-lane","ps-wrap horizontal ps-lane","frontend-angular/src/app/workbenches/process/editor/process-editor-legacy-adapter.ts; frontend-angular/src/app/workbenches/process/flow/process-flow-model.service.ts"
"suspected-dead","4879",".ps-lane-title","ps-lane-title",""
"suspected-dead","4893",".ps-lane-body","ps-lane-body",""
"suspected-dead","4900",".ps-cell","ps-cell",""
"suspected-dead","4906",".ps-task","ps-task",""
"suspected-dead","4918",".ps-clickable","ps-clickable",""
"suspected-dead","4919",".ps-clickable:hover","ps-clickable",""
"suspected-dead","4920",".ps-draggable, .ps-lane-draggable","ps-draggable ps-lane-draggable",""
"suspected-dead","4924",".ps-draggable:active, .ps-lane-draggable:active","ps-draggable ps-lane-draggable",""
"suspected-dead","4928",".ps-draggable.is-dragging-ready, .ps-lane-draggable.is-dragging-ready","ps-draggable is-dragging-ready ps-lane-draggable",""
"suspected-dead","4933",".ps-task-shared","ps-task-shared",""
"suspected-dead","4936",".ps-task-shared::after","ps-task-shared",""
"suspected-dead","4953",".ps-tn","ps-tn",""
"suspected-dead","4959",".ps-role-list","ps-role-list",""
"suspected-dead","4965",".ps-role-chip","ps-role-chip",""
"suspected-dead","4975",".ps-edge-list","ps-edge-list",""
"suspected-dead","4981",".ps-start, .ps-end","ps-start ps-end",""
"suspected-dead","4992",".ps-wrap","ps-wrap",""
"suspected-dead","5002",".ps-lane","ps-lane",""
"suspected-dead","5012",".ps-lane:last-of-type","ps-lane",""
"suspected-dead","5015",".ps-lane-title","ps-lane-title",""
"suspected-dead","5028",".ps-lane-title.ps-lane-draggable","ps-lane-title ps-lane-draggable",""
"suspected-dead","5031",".ps-link-layer","ps-link-layer",""
"suspected-dead","5038",".ps-board-bg","ps-board-bg",""
"suspected-dead","5042",".ps-board-border","ps-board-border",""
"suspected-dead","5048",".ps-lane-title-bg","ps-lane-title-bg",""
"suspected-dead","5052",".ps-lane-title-sep, .ps-lane-sep","ps-lane-title-sep ps-lane-sep",""
"suspected-dead","5058",".ps-link","ps-link",""
"suspected-dead","5066",".ps-loop-link, .ps-return-link","ps-loop-link ps-return-link",""
"suspected-dead","5071",".ps-task","ps-task",""
"suspected-dead","5083",".ps-tn","ps-tn",""
"suspected-dead","5087",".ps-role-list","ps-role-list",""
"suspected-dead","5090",".ps-gateway","ps-gateway",""
"suspected-dead","5097",".ps-gateway-x","ps-gateway-x",""
"suspected-dead","5103",".ps-gateway-x::before, .ps-gateway-x::after","ps-gateway-x",""
"suspected-dead","5114",".ps-gateway-x::after","ps-gateway-x",""
"suspected-dead","5117",".ps-start, .ps-end","ps-start ps-end",""
"suspected-dead","5130",".ps-start span, .ps-end span","ps-start ps-end",""
"suspected-dead","5141",".ps-end span","ps-end",""
"suspected-dead","5144",".ps-edge-label","ps-edge-label",""
"suspected-dead","5156",".ps-entity-tags","ps-entity-tags",""
"suspected-dead","5165",".ps-entity-tag","ps-entity-tag",""
"suspected-dead","5181",".md-mermaid","md-mermaid",""
"suspected-dead","5184",".md-mermaid svg","md-mermaid",""
"suspected-dead","5185",".md-code","md-code",""
"suspected-dead","5188",".preview-diagrams","preview-diagrams",""
"suspected-dead","5191",".diagram-block","diagram-block",""
"suspected-dead","5192",".diagram-block h4","diagram-block",""
"suspected-dead","5193",".diagram-svg","diagram-svg",""
"legacy-compat-selector","5194",".open-modal-shell","open-modal-shell",""
"legacy-compat-selector","5202",".open-modal-tabs","open-modal-tabs",""
"legacy-compat-selector","5208",".open-modal-tab","open-modal-tab",""
"still-used","5218",".open-modal-tab.active","open-modal-tab active","frontend-angular/src/app/app.spec.ts; frontend-angular/src/app/core/shell/history/history-dialog.component.html; frontend-angular/src/app/core/shell/history/history-dialog.component.scss"
"legacy-compat-selector","5222",".open-modal-body","open-modal-body",""
"legacy-compat-selector","5227",".open-modal-panel","open-modal-panel",""
"legacy-compat-selector","5234",".open-modal-scroll","open-modal-scroll",""
"suspected-dead","5241",".open-space-head","open-space-head",""
"suspected-dead","5247",".open-space-title","open-space-title",""
"suspected-dead","5252",".open-file-search","open-file-search",""
"still-used","5260",".open-space-tabs","open-space-tabs","frontend-angular/src/app/legacy-shell/legacy-shell.component.html; frontend-angular/src/app/legacy-shell/legacy-shell.component.scss"
"still-used","5267",".open-space-tab","open-space-tab","frontend-angular/src/app/app.spec.ts; frontend-angular/src/app/legacy-shell/legacy-shell.component.html; frontend-angular/src/app/legacy-shell/legacy-shell.component.scss"
"still-used","5281",".open-space-tab.active","open-space-tab active","frontend-angular/src/app/app.spec.ts; frontend-angular/src/app/core/shell/history/history-dialog.component.html; frontend-angular/src/app/core/shell/history/history-dialog.component.scss"
"still-used","5287",".open-space-tab em","open-space-tab","frontend-angular/src/app/app.spec.ts; frontend-angular/src/app/legacy-shell/legacy-shell.component.html; frontend-angular/src/app/legacy-shell/legacy-shell.component.scss"
"still-used","5297",".open-tag-filters","open-tag-filters","frontend-angular/src/app/legacy-shell/legacy-shell.component.html; frontend-angular/src/app/legacy-shell/legacy-shell.component.scss"
"still-used","5303",".open-tag-filter","open-tag-filter","frontend-angular/src/app/legacy-shell/legacy-shell.component.html; frontend-angular/src/app/legacy-shell/legacy-shell.component.scss"
"still-used","5313",".open-tag-filter.active","open-tag-filter active","frontend-angular/src/app/app.spec.ts; frontend-angular/src/app/core/shell/history/history-dialog.component.html; frontend-angular/src/app/core/shell/history/history-dialog.component.scss"
"still-used","5318",".open-tag-empty, .workspace-doc-no-tags","open-tag-empty workspace-doc-no-tags","frontend-angular/src/app/legacy-shell/legacy-shell.component.html; frontend-angular/src/app/legacy-shell/legacy-shell.component.scss"
"still-used","5323",".file-list.open-card-grid","file-list open-card-grid","frontend-angular/src/app/legacy-shell/legacy-shell.component.html; frontend-angular/src/app/legacy-shell/legacy-shell.component.scss; frontend-angular/src/app/workbenches/process/editor/process-editor-workbench.component.html"
"still-used","5329",".workspace-doc-card","workspace-doc-card","frontend-angular/src/app/app.spec.ts; frontend-angular/src/app/legacy-shell/legacy-shell.component.html; frontend-angular/src/app/legacy-shell/legacy-shell.component.scss"
"still-used","5340",".workspace-doc-card:hover","workspace-doc-card","frontend-angular/src/app/app.spec.ts; frontend-angular/src/app/legacy-shell/legacy-shell.component.html; frontend-angular/src/app/legacy-shell/legacy-shell.component.scss"
"still-used","5345",".workspace-doc-card.is-opening","workspace-doc-card is-opening","frontend-angular/src/app/app.spec.ts; frontend-angular/src/app/legacy-shell/legacy-shell.component.html; frontend-angular/src/app/legacy-shell/legacy-shell.component.scss"
"still-used","5350",".workspace-doc-card.is-opening .workspace-doc-card-main, .workspace-doc-card.is-opening .file-list-item-del","workspace-doc-card is-opening workspace-doc-card-main file-list-item-del","frontend-angular/src/app/app.spec.ts; frontend-angular/src/app/legacy-shell/legacy-shell.component.html; frontend-angular/src/app/legacy-shell/legacy-shell.component.scss"
"still-used","5354",".workspace-doc-card-main","workspace-doc-card-main","frontend-angular/src/app/legacy-shell/legacy-shell.component.html; frontend-angular/src/app/legacy-shell/legacy-shell.component.scss"
"still-used","5366",".workspace-doc-title","workspace-doc-title","frontend-angular/src/app/legacy-shell/legacy-shell.component.html; frontend-angular/src/app/legacy-shell/legacy-shell.component.scss"
"still-used","5378",".workspace-doc-name, .workspace-doc-meta","workspace-doc-name workspace-doc-meta","frontend-angular/src/app/legacy-shell/legacy-shell.component.html; frontend-angular/src/app/legacy-shell/legacy-shell.component.scss"
"still-used","5389",".open-space-empty","open-space-empty","frontend-angular/src/app/legacy-shell/legacy-shell.component.html; frontend-angular/src/app/legacy-shell/legacy-shell.component.scss"
"still-used","5392",".open-pagination","open-pagination","frontend-angular/src/app/legacy-shell/legacy-shell.component.html; frontend-angular/src/app/legacy-shell/legacy-shell.component.scss"
"still-used","5401",".open-pagination:empty","open-pagination","frontend-angular/src/app/legacy-shell/legacy-shell.component.html; frontend-angular/src/app/legacy-shell/legacy-shell.component.scss"
"suspected-dead","5404",".open-pagination-info","open-pagination-info",""
"suspected-dead","5408",".open-pagination-actions","open-pagination-actions",""
"still-used","5412",".trash-doc-card .workspace-doc-card-main","trash-doc-card workspace-doc-card-main","frontend-angular/src/app/app.spec.ts; frontend-angular/src/app/legacy-shell/legacy-shell.component.html; frontend-angular/src/app/legacy-shell/legacy-shell.component.scss"
"suspected-dead","5415",".trash-doc-check","trash-doc-check",""
"legacy-compat-selector","5421",".trash-toolbar","trash-toolbar",""
"still-used","5427",".trash-actions","trash-actions","frontend-angular/src/app/legacy-shell/legacy-shell.component.html; frontend-angular/src/app/legacy-shell/legacy-shell.component.scss"
"still-used","5432",".trash-actions span","trash-actions","frontend-angular/src/app/legacy-shell/legacy-shell.component.html; frontend-angular/src/app/legacy-shell/legacy-shell.component.scss"
"suspected-dead","5444",".trash-item","trash-item",""
"still-used","5447",".trash-check","trash-check","frontend-angular/src/app/legacy-shell/legacy-shell.component.html; frontend-angular/src/app/legacy-shell/legacy-shell.component.scss"
"still-used","5451",".trash-check input","trash-check","frontend-angular/src/app/legacy-shell/legacy-shell.component.html; frontend-angular/src/app/legacy-shell/legacy-shell.component.scss"
"still-used","5456",".history-modal-shell","history-modal-shell","frontend-angular/src/app/legacy-shell/legacy-shell.component.html; frontend-angular/src/app/legacy-shell/legacy-shell.component.scss"
"still-used","5460",".history-modal-shell #history-list","history-modal-shell history-list","frontend-angular/src/app/core/shell/history/history-dialog.component.html; frontend-angular/src/app/core/shell/history/history-dialog.component.scss; frontend-angular/src/app/legacy-shell/legacy-shell.component.html"
"still-used","5465",".file-list.open-card-grid","file-list open-card-grid","frontend-angular/src/app/legacy-shell/legacy-shell.component.html; frontend-angular/src/app/legacy-shell/legacy-shell.component.scss; frontend-angular/src/app/workbenches/process/editor/process-editor-workbench.component.html"
"still-used","5470",".file-list.open-card-grid","file-list open-card-grid","frontend-angular/src/app/legacy-shell/legacy-shell.component.html; frontend-angular/src/app/legacy-shell/legacy-shell.component.scss; frontend-angular/src/app/workbenches/process/editor/process-editor-workbench.component.html"
"still-used","5475",".file-list.open-card-grid","file-list open-card-grid","frontend-angular/src/app/legacy-shell/legacy-shell.component.html; frontend-angular/src/app/legacy-shell/legacy-shell.component.scss; frontend-angular/src/app/workbenches/process/editor/process-editor-workbench.component.html"
"legacy-compat-selector","5478",".trash-toolbar","trash-toolbar",""
"legacy-compat-selector","5482",".merge-modal","merge-modal",""
"legacy-compat-selector","5487",".compare-modal","compare-modal",""
"legacy-compat-selector","5492",".compare-modal .modal-title-row","compare-modal modal-title-row",""
"legacy-compat-selector","5501",".compare-modal > .compare-select-grid","compare-modal compare-select-grid",""
"legacy-compat-selector","5504",".compare-modal > .merge-inline-note","compare-modal merge-inline-note",""
"legacy-compat-selector","5507",".compare-modal > .compare-action-row","compare-modal compare-action-row",""
"legacy-compat-selector","5510",".compare-modal > .compare-result","compare-modal compare-result",""
"legacy-compat-selector","5513",".merge-select-grid","merge-select-grid",""
"suspected-dead","5519",".compare-select-grid","compare-select-grid",""
"legacy-compat-selector","5522",".merge-select-field","merge-select-field",""
"legacy-compat-selector","5527",".merge-select-field span","merge-select-field",""
"legacy-compat-selector","5532",".merge-select-field select","merge-select-field",""
"legacy-compat-selector","5535",".merge-target-grid","merge-target-grid",""
"legacy-compat-selector","5540",".merge-target-card","merge-target-card",""
"legacy-compat-selector","5546",".merge-target-head","merge-target-head",""
"legacy-compat-selector","5556",".merge-target-actions","merge-target-actions",""
"legacy-compat-selector","5561",".merge-source-summary","merge-source-summary",""
"legacy-compat-selector","5568",".merge-workspace-block","merge-workspace-block",""
"legacy-compat-selector","5574",".merge-workspace-title","merge-workspace-title",""
"legacy-compat-selector","5580",".merge-workspace-list","merge-workspace-list",""
"legacy-compat-selector","5587",".merge-workspace-item","merge-workspace-item",""
"legacy-compat-selector","5597",".merge-workspace-item.is-left, .merge-workspace-item.is-right","merge-workspace-item is-left is-right",""
"legacy-compat-selector","5602",".merge-workspace-main","merge-workspace-main",""
"legacy-compat-selector","5608",".merge-workspace-name","merge-workspace-name",""
"legacy-compat-selector","5613",".merge-workspace-tags","merge-workspace-tags",""
"legacy-compat-selector","5618",".merge-workspace-tag","merge-workspace-tag",""
"legacy-compat-selector","5628",".merge-workspace-actions","merge-workspace-actions",""
"legacy-compat-selector","5634",".merge-inline-note","merge-inline-note",""
"legacy-compat-selector","5639",".merge-analysis","merge-analysis",""
"legacy-compat-selector","5644",".merge-summary","merge-summary",""
"legacy-compat-selector","5649",".merge-summary-card","merge-summary-card",""
"legacy-compat-selector","5658",".merge-summary-card strong","merge-summary-card",""
"legacy-compat-selector","5662",".merge-summary-card span","merge-summary-card",""
"legacy-compat-selector","5666",".merge-block","merge-block",""
"legacy-compat-selector","5674",".merge-ok","merge-ok",""
"legacy-compat-selector","5680",".merge-empty","merge-empty",""
"suspected-dead","5687",".compare-summary","compare-summary",""
"suspected-dead","5692",".compare-summary > div","compare-summary",""
"suspected-dead","5699",".compare-summary strong, .compare-summary span","compare-summary",""
"suspected-dead","5703",".compare-summary strong","compare-summary",""
"suspected-dead","5708",".compare-summary span","compare-summary",""
"suspected-dead","5715",".compare-report","compare-report",""
"suspected-dead","5720",".compare-report-head","compare-report-head",""
"suspected-dead","5726",".compare-report-head > div","compare-report-head",""
"suspected-dead","5729",".compare-report-head span","compare-report-head",""
"suspected-dead","5735",".compare-action-row","compare-action-row",""
"suspected-dead","5741",".compare-progress","compare-progress",""
"suspected-dead","5749",".compare-progress-track","compare-progress-track",""
"suspected-dead","5758",".compare-progress-track span","compare-progress-track",""
"suspected-dead","5768",".compare-progress strong","compare-progress",""
"suspected-dead","5775",".operation-progress, .prototype-upload-progress","operation-progress prototype-upload-progress",""
"suspected-dead","5783",".operation-progress","operation-progress",""
"suspected-dead","5793",".operation-progress-card","operation-progress-card",""
"suspected-dead","5805",".operation-spinner","operation-spinner",""
"suspected-dead","5816",".operation-progress-track, .prototype-upload-progress-track","operation-progress-track prototype-upload-progress-track",""
"suspected-dead","5825",".operation-progress-track","operation-progress-track",""
"suspected-dead","5828",".prototype-upload-progress-track","prototype-upload-progress-track",""
"suspected-dead","5831",".operation-progress-track span, .prototype-upload-progress-track span","operation-progress-track prototype-upload-progress-track",""
"suspected-dead","5840",".operation-progress strong, .prototype-upload-progress strong","operation-progress prototype-upload-progress",""
"suspected-dead","5844",".operation-progress strong","operation-progress",""
"suspected-dead","5848",".operation-progress-detail","operation-progress-detail",""
"still-used","5854",".operation-progress.hidden","operation-progress hidden","frontend-angular/src/app/core/shell/history/history-dialog.component.scss; frontend-angular/src/app/core/shell/notification/shell-notification.component.html; frontend-angular/src/app/core/shell/sidebar/sidebar-directory.component.scss"
"legacy-compat-selector","5857",".collab-reconnect-overlay","collab-reconnect-overlay",""
"still-used","5868",".collab-reconnect-overlay.hidden","collab-reconnect-overlay hidden","frontend-angular/src/app/core/shell/history/history-dialog.component.scss; frontend-angular/src/app/core/shell/notification/shell-notification.component.html; frontend-angular/src/app/core/shell/sidebar/sidebar-directory.component.scss"
"legacy-compat-selector","5871",".collab-reconnect-card","collab-reconnect-card",""
"legacy-compat-selector","5884",".collab-reconnect-card strong","collab-reconnect-card",""
"legacy-compat-selector","5888",".collab-reconnect-card p","collab-reconnect-card",""
"legacy-compat-selector","5894",".collab-reconnect-dots","collab-reconnect-dots",""
"legacy-compat-selector","5900",".collab-reconnect-dots span","collab-reconnect-dots",""
"legacy-compat-selector","5907",".collab-reconnect-dots span:nth-child(2)","collab-reconnect-dots",""
"legacy-compat-selector","5910",".collab-reconnect-dots span:nth-child(3)","collab-reconnect-dots",""
"legacy-compat-selector","5917","body.is-saving, body.is-saving *, body.is-collab-reconnecting, body.is-collab-reconnecting *","is-saving is-collab-reconnecting",""
"suspected-dead","5923",".compare-report h3","compare-report",""
"suspected-dead","5928",".compare-report-section","compare-report-section",""
"suspected-dead","5934",".compare-report-section h4","compare-report-section",""
"suspected-dead","5938",".compare-level-grid","compare-level-grid",""
"suspected-dead","5943",".compare-level-card","compare-level-card",""
"suspected-dead","5949",".compare-level-card strong, .compare-level-card span, .compare-level-card em","compare-level-card",""
"suspected-dead","5954",".compare-level-card strong","compare-level-card",""
"suspected-dead","5958",".compare-level-card span","compare-level-card",""
"suspected-dead","5964",".compare-level-card em","compare-level-card",""
"suspected-dead","5971",".compare-business-table-wrap","compare-business-table-wrap",""
"suspected-dead","5976",".compare-business-sections","compare-business-sections",""
"suspected-dead","5982",".compare-business-section","compare-business-section",""
"suspected-dead","5987",".compare-business-section h5","compare-business-section",""
"suspected-dead","5992",".compare-business-table","compare-business-table",""
"suspected-dead","6000",".compare-business-table th, .compare-business-table td","compare-business-table",""
"suspected-dead","6008",".compare-business-table th","compare-business-table",""
"suspected-dead","6014",".compare-business-table th:nth-child(1)","compare-business-table",""
"suspected-dead","6015",".compare-business-table th:nth-child(2)","compare-business-table",""
"suspected-dead","6016",".compare-business-table th:nth-child(3)","compare-business-table",""
"suspected-dead","6017",".compare-no-diff-row td","compare-no-diff-row",""
"suspected-dead","6021",".compare-layout-table","compare-layout-table",""
"suspected-dead","6029",".compare-layout-table th, .compare-layout-table td","compare-layout-table",""
"suspected-dead","6037",".compare-layout-table th","compare-layout-table",""
"suspected-dead","6043",".compare-layout-table th:nth-child(1)","compare-layout-table",""
"suspected-dead","6044",".compare-layout-table th:nth-child(2)","compare-layout-table",""
"suspected-dead","6045",".compare-th-help","compare-th-help",""
"suspected-dead","6061",".compare-business-item","compare-business-item",""
"suspected-dead","6066",".compare-business-item strong","compare-business-item",""
"suspected-dead","6070",".compare-business-item span","compare-business-item",""
"suspected-dead","6074",".compare-type-badge","compare-type-badge",""
"suspected-dead","6085",".compare-type-新增","compare-type-",""
"suspected-dead","6089",".compare-type-删除","compare-type-",""
"suspected-dead","6093",".compare-type-修改","compare-type-",""
"suspected-dead","6097",".compare-report-list","compare-report-list",""
"suspected-dead","6104",".compare-highlight-list","compare-highlight-list",""
"suspected-dead","6109",".compare-highlight-item","compare-highlight-item",""
"suspected-dead","6119",".compare-highlight-item span","compare-highlight-item",""
"suspected-dead","6127",".compare-highlight-item.impact-medium span","compare-highlight-item impact-medium",""
"suspected-dead","6131",".compare-highlight-item strong","compare-highlight-item",""
"suspected-dead","6138",".compare-highlight-item em","compare-highlight-item",""
"suspected-dead","6143",".compare-layout-list","compare-layout-list",""
"suspected-dead","6148",".compare-layout-list span","compare-layout-list",""
"suspected-dead","6155",".compare-detail-panel","compare-detail-panel",""
"suspected-dead","6161",".compare-detail-panel summary","compare-detail-panel",""
"suspected-dead","6166",".compare-detail-panel .compare-diff-section","compare-detail-panel compare-diff-section",""
"suspected-dead","6169",".compare-diff-section","compare-diff-section",""
"suspected-dead","6175",".compare-diff-section h4","compare-diff-section",""
"suspected-dead","6182",".compare-diff-section h4 span","compare-diff-section",""
"suspected-dead","6185",".compare-diff-list","compare-diff-list",""
"suspected-dead","6190",".compare-model-group","compare-model-group",""
"suspected-dead","6196",".compare-model-group h5","compare-model-group",""
"suspected-dead","6204",".compare-model-group h5 span","compare-model-group",""
"suspected-dead","6208",".compare-diff-item","compare-diff-item",""
"suspected-dead","6214",".compare-diff-item + .compare-diff-item","compare-diff-item",""
"suspected-dead","6217",".compare-diff-model-head","compare-diff-model-head",""
"suspected-dead","6224",".compare-diff-model-head strong","compare-diff-model-head",""
"suspected-dead","6232",".compare-diff-model-head span","compare-diff-model-head",""
"suspected-dead","6241",".compare-diff-values","compare-diff-values",""
"suspected-dead","6246",".compare-diff-values span","compare-diff-values",""
"suspected-dead","6256",".compare-diff-values em","compare-diff-values",""
"legacy-compat-selector","6263",".merge-conflict-list","merge-conflict-list",""
"legacy-compat-selector","6268",".merge-conflict-card","merge-conflict-card",""
"legacy-compat-selector","6277",".merge-conflict-head","merge-conflict-head",""
"legacy-compat-selector","6283",".merge-conflict-index","merge-conflict-index",""
"legacy-compat-selector","6296",".merge-conflict-path","merge-conflict-path",""
"legacy-compat-selector","6300",".merge-conflict-values","merge-conflict-values",""
"legacy-compat-selector","6305",".merge-conflict-values label","merge-conflict-values",""
"legacy-compat-selector","6311",".merge-conflict-values pre","merge-conflict-values",""
"legacy-compat-selector","6321",".merge-conflict-controls","merge-conflict-controls",""
"legacy-compat-selector","6326",".merge-custom-input","merge-custom-input",""
"legacy-compat-selector","6330",".merge-warning-list","merge-warning-list",""
"legacy-compat-selector","6334",".merge-warning-list li + li","merge-warning-list",""
"legacy-compat-selector","6337",".merge-validation-summary","merge-validation-summary",""
"legacy-compat-selector","6343",".merge-validation-summary span","merge-validation-summary",""
"legacy-compat-selector","6351",".merge-validation-list","merge-validation-list",""
"legacy-compat-selector","6356",".merge-validation-card","merge-validation-card",""
"still-used","6362",".merge-validation-card.manual","merge-validation-card manual","frontend-angular/src/app/app.routes.ts; frontend-angular/src/app/app.spec.ts; frontend-angular/src/app/core/runtime/angular-runtime.ts"
"still-used","6366",".merge-validation-card.auto","merge-validation-card auto","frontend-angular/src/app/core/shell/history/history-dialog.component.scss; frontend-angular/src/app/core/shell/notification/shell-notification.component.scss; frontend-angular/src/app/core/shell/sidebar/sidebar-directory.component.scss"
"legacy-compat-selector","6370",".merge-validation-card-head","merge-validation-card-head",""
"legacy-compat-selector","6376",".merge-validation-card-head span","merge-validation-card-head",""
"legacy-compat-selector","6384",".merge-validation-card-head strong","merge-validation-card-head",""
"legacy-compat-selector","6387",".merge-validation-card p","merge-validation-card",""
"legacy-compat-selector","6393",".merge-validation-suggestion","merge-validation-suggestion",""
"legacy-compat-selector","6398",".merge-validation-actions","merge-validation-actions",""
"legacy-compat-selector","6404",".merge-validation-actions select","merge-validation-actions",""
"legacy-compat-selector","6408",".merge-preview-metrics","merge-preview-metrics",""
"legacy-compat-selector","6416",".merge-select-grid, .compare-select-grid, .merge-target-grid","merge-select-grid compare-select-grid merge-target-grid",""
"legacy-compat-selector","6421",".compare-modal .modal-title-row","compare-modal modal-title-row",""
"legacy-compat-selector","6424",".compare-modal > .compare-select-grid, .compare-modal > .merge-inline-note, .compare-modal > .compare-action-row, .compare-modal > .compare-result","compare-modal compare-select-grid merge-inline-note compare-action-row compare-result",""
"suspected-dead","6431",".compare-diff-values","compare-diff-values",""
"still-used","6435",".file-list","file-list","frontend-angular/src/app/legacy-shell/legacy-shell.component.html; frontend-angular/src/app/legacy-shell/legacy-shell.component.scss; frontend-angular/src/app/workbenches/process/editor/process-editor-workbench.component.html"
"suspected-dead","6436",".file-list-item","file-list-item",""
"suspected-dead","6441",".file-space-group","file-space-group",""
"suspected-dead","6444",".file-space-head","file-space-head",""
"suspected-dead","6453",".file-space-head small","file-space-head",""
"suspected-dead","6457",".file-list-item-meta","file-list-item-meta",""
"still-used","6464",".file-list-tags","file-list-tags","frontend-angular/src/app/legacy-shell/legacy-shell.component.html; frontend-angular/src/app/legacy-shell/legacy-shell.component.scss"
"still-used","6470",".file-list-tags em","file-list-tags","frontend-angular/src/app/legacy-shell/legacy-shell.component.html; frontend-angular/src/app/legacy-shell/legacy-shell.component.scss"
"still-used","6479",".history-section-title","history-section-title","frontend-angular/src/app/core/shell/history/history-dialog.component.html; frontend-angular/src/app/core/shell/history/history-dialog.component.scss"
"suspected-dead","6485",".history-load-sentinel","history-load-sentinel",""
"suspected-dead","6495",".history-day-group","history-day-group",""
"suspected-dead","6500",".history-day-title","history-day-title",""
"suspected-dead","6505",".file-list-item:hover","file-list-item",""
"suspected-dead","6506",".file-list-item-main","file-list-item-main",""
"suspected-dead","6516",".file-list-item-name","file-list-item-name",""
"suspected-dead","6517",".file-list-item-actions","file-list-item-actions",""
"suspected-dead","6522",".file-list-item-del","file-list-item-del",""
"suspected-dead","6524",".file-list-item:hover .file-list-item-del","file-list-item file-list-item-del",""
"suspected-dead","6525",".file-empty","file-empty",""
"suspected-dead","6526",".file-loading","file-loading",""
"suspected-dead","6527",".file-loading .operation-spinner","file-loading operation-spinner",""
"still-used","6528",".recovery-subtitle","recovery-subtitle","frontend-angular/src/app/core/shell/history/history-dialog.component.html; frontend-angular/src/app/core/shell/history/history-dialog.component.scss"
"still-used","6534",".recovery-item","recovery-item","frontend-angular/src/app/core/shell/history/history-dialog.component.html; frontend-angular/src/app/core/shell/history/history-dialog.component.scss"
"still-used","6543",".recovery-item .btn:first-of-type","recovery-item btn","frontend-angular/src/app/app.spec.ts; frontend-angular/src/app/core/shell/history/history-dialog.component.html; frontend-angular/src/app/core/shell/history/history-dialog.component.scss"
"still-used","6544",".recovery-item .btn + .btn","recovery-item btn","frontend-angular/src/app/app.spec.ts; frontend-angular/src/app/core/shell/history/history-dialog.component.html; frontend-angular/src/app/core/shell/history/history-dialog.component.scss"
"still-used","6545",".recovery-item + .recovery-item","recovery-item","frontend-angular/src/app/core/shell/history/history-dialog.component.html; frontend-angular/src/app/core/shell/history/history-dialog.component.scss"
"still-used","6548",".recovery-item-main","recovery-item-main","frontend-angular/src/app/core/shell/history/history-dialog.component.html; frontend-angular/src/app/core/shell/history/history-dialog.component.scss"
"suspected-dead","6554",".recovery-item-title","recovery-item-title",""
"suspected-dead","6559",".recovery-item-meta","recovery-item-meta",""
"still-used","6564",".detail-empty","detail-empty","frontend-angular/src/app/workbenches/support/feedback/feedback-workbench.component.html; frontend-angular/src/app/workbenches/support/feedback/feedback-workbench.component.scss"
"still-used","6570",".detail-empty p","detail-empty","frontend-angular/src/app/workbenches/support/feedback/feedback-workbench.component.html; frontend-angular/src/app/workbenches/support/feedback/feedback-workbench.component.scss"
"suspected-dead","6571",".divider","divider",""
"suspected-dead","6580",".move-btn","move-btn",""
"suspected-dead","6584",".move-btn:hover","move-btn",""
"legacy-compat-selector","6585",".sb-add-btn","sb-add-btn",""
"legacy-compat-selector","6592",".sb-add-btn:hover","sb-add-btn",""
"still-used","6593",".sb-caret","sb-caret","frontend-angular/src/app/core/shell/sidebar/sidebar-directory.component.html; frontend-angular/src/app/core/shell/sidebar/sidebar-directory.component.scss"
"still-used","6602",".sb-caret-icon","sb-caret-icon","frontend-angular/src/app/core/shell/sidebar/sidebar-directory.component.html; frontend-angular/src/app/core/shell/sidebar/sidebar-directory.component.scss"
"still-used","6608",".sb-caret.is-expanded .sb-caret-icon","sb-caret is-expanded sb-caret-icon","frontend-angular/src/app/core/shell/sidebar/sidebar-directory.component.html; frontend-angular/src/app/core/shell/sidebar/sidebar-directory.component.scss"
"legacy-compat-selector","6609",".sb-proc-head","sb-proc-head",""
"legacy-compat-selector","6619",".sb-proc-head:hover","sb-proc-head",""
"still-used","6620",".sb-proc-head.active","sb-proc-head active","frontend-angular/src/app/app.spec.ts; frontend-angular/src/app/core/shell/history/history-dialog.component.html; frontend-angular/src/app/core/shell/history/history-dialog.component.scss"
"still-used","6621",".sb-proc-head .sb-name","sb-proc-head sb-name","frontend-angular/src/app/core/shell/sidebar/sidebar-directory.component.html; frontend-angular/src/app/core/shell/sidebar/sidebar-directory.component.scss"
"still-used","6622",".sb-proc-kind","sb-proc-kind","frontend-angular/src/app/core/shell/sidebar/sidebar-directory.component.html; frontend-angular/src/app/core/shell/sidebar/sidebar-directory.component.scss"
"legacy-compat-selector","6633",".sb-proc-main","sb-proc-main",""
"still-used","6640",".sb-proc-main .sb-name","sb-proc-main sb-name","frontend-angular/src/app/core/shell/sidebar/sidebar-directory.component.html; frontend-angular/src/app/core/shell/sidebar/sidebar-directory.component.scss"
"legacy-compat-selector","6645",".sb-proc-tags","sb-proc-tags",""
"legacy-compat-selector","6651",".sb-proc-tag","sb-proc-tag",""
"legacy-compat-selector","6664",".sb-task-item","sb-task-item",""
"legacy-compat-selector","6673",".sb-task-item:hover","sb-task-item",""
"still-used","6674",".sb-task-item.active","sb-task-item active","frontend-angular/src/app/app.spec.ts; frontend-angular/src/app/core/shell/history/history-dialog.component.html; frontend-angular/src/app/core/shell/history/history-dialog.component.scss"
"legacy-compat-selector","6675",".sb-repeat","sb-repeat",""
"still-used","6676",".sb-grp-head","sb-grp-head","frontend-angular/src/app/core/shell/sidebar/sidebar-directory.component.html; frontend-angular/src/app/core/shell/sidebar/sidebar-directory.component.scss"
"still-used","6686",".sb-grp-head:hover","sb-grp-head","frontend-angular/src/app/core/shell/sidebar/sidebar-directory.component.html; frontend-angular/src/app/core/shell/sidebar/sidebar-directory.component.scss"
"still-used","6687",".sb-grp-head .sb-add-btn","sb-grp-head sb-add-btn","frontend-angular/src/app/core/shell/sidebar/sidebar-directory.component.html; frontend-angular/src/app/core/shell/sidebar/sidebar-directory.component.scss"
"still-used","6688",".sb-grp-badge","sb-grp-badge","frontend-angular/src/app/core/shell/sidebar/sidebar-directory.component.html; frontend-angular/src/app/core/shell/sidebar/sidebar-directory.component.scss"
"still-used","6702",".sb-grp-head .sb-name","sb-grp-head sb-name","frontend-angular/src/app/core/shell/sidebar/sidebar-directory.component.html; frontend-angular/src/app/core/shell/sidebar/sidebar-directory.component.scss"
"still-used","6707",".sb-section:first-child .sb-grp-head","sb-section sb-grp-head","frontend-angular/src/app/core/shell/sidebar/sidebar-directory.component.html; frontend-angular/src/app/core/shell/sidebar/sidebar-directory.component.scss"
"still-used","6712",".sb-section:first-child .sb-grp-head:hover","sb-section sb-grp-head","frontend-angular/src/app/core/shell/sidebar/sidebar-directory.component.html; frontend-angular/src/app/core/shell/sidebar/sidebar-directory.component.scss"
"still-used","6713",".sb-section:first-child .sb-grp-badge","sb-section sb-grp-badge","frontend-angular/src/app/core/shell/sidebar/sidebar-directory.component.html; frontend-angular/src/app/core/shell/sidebar/sidebar-directory.component.scss"
"still-used","6718",".sb-section:nth-child(2) .sb-grp-badge","sb-section sb-grp-badge","frontend-angular/src/app/core/shell/sidebar/sidebar-directory.component.html; frontend-angular/src/app/core/shell/sidebar/sidebar-directory.component.scss"
"still-used","6723",".sb-subgrp-head","sb-subgrp-head","frontend-angular/src/app/core/shell/sidebar/sidebar-directory.component.scss"
"still-used","6735",".sb-subgrp-head:hover","sb-subgrp-head","frontend-angular/src/app/core/shell/sidebar/sidebar-directory.component.scss"
"still-used","6739",".sb-subgrp-head .sb-caret","sb-subgrp-head sb-caret","frontend-angular/src/app/core/shell/sidebar/sidebar-directory.component.html; frontend-angular/src/app/core/shell/sidebar/sidebar-directory.component.scss"
"legacy-compat-selector","6742",".sb-subgrp-dot","sb-subgrp-dot",""
"legacy-compat-selector","6750",".sb-subgrp-badge","sb-subgrp-badge",""
"still-used","6763",".sb-subgrp-head .sb-name","sb-subgrp-head sb-name","frontend-angular/src/app/core/shell/sidebar/sidebar-directory.component.html; frontend-angular/src/app/core/shell/sidebar/sidebar-directory.component.scss"
"still-used","6768",".sb-stage-head","sb-stage-head","frontend-angular/src/app/core/shell/sidebar/sidebar-directory.component.html; frontend-angular/src/app/core/shell/sidebar/sidebar-directory.component.scss"
"still-used","6771",".sb-flow-group-head","sb-flow-group-head","frontend-angular/src/app/app.spec.ts; frontend-angular/src/app/core/shell/sidebar/sidebar-directory.component.html; frontend-angular/src/app/core/shell/sidebar/sidebar-directory.component.scss"
"still-used","6776",".sb-flow-group-head:hover","sb-flow-group-head","frontend-angular/src/app/app.spec.ts; frontend-angular/src/app/core/shell/sidebar/sidebar-directory.component.html; frontend-angular/src/app/core/shell/sidebar/sidebar-directory.component.scss"
"still-used","6780",".sb-flow-group-head .sb-subgrp-badge","sb-flow-group-head sb-subgrp-badge","frontend-angular/src/app/app.spec.ts; frontend-angular/src/app/core/shell/sidebar/sidebar-directory.component.html; frontend-angular/src/app/core/shell/sidebar/sidebar-directory.component.scss"
"still-used","6785",".sb-proc-head.in-flow-group","sb-proc-head in-flow-group","frontend-angular/src/app/core/shell/sidebar/sidebar-directory.component.html; frontend-angular/src/app/core/shell/sidebar/sidebar-directory.component.scss"
"still-used","6788",".sb-construct-head","sb-construct-head","frontend-angular/src/app/core/shell/sidebar/sidebar-directory.component.html; frontend-angular/src/app/core/shell/sidebar/sidebar-directory.component.scss"
"still-used","6793",".sb-construct-head:hover","sb-construct-head","frontend-angular/src/app/core/shell/sidebar/sidebar-directory.component.html; frontend-angular/src/app/core/shell/sidebar/sidebar-directory.component.scss"
"still-used","6797",".sb-construct-head .sb-subgrp-badge","sb-construct-head sb-subgrp-badge","frontend-angular/src/app/core/shell/sidebar/sidebar-directory.component.html; frontend-angular/src/app/core/shell/sidebar/sidebar-directory.component.scss"
"still-used","6802",".sb-stage-head.active","sb-stage-head active","frontend-angular/src/app/app.spec.ts; frontend-angular/src/app/core/shell/history/history-dialog.component.html; frontend-angular/src/app/core/shell/history/history-dialog.component.scss"
"still-used","6806",".sb-subgrp-head .sb-count","sb-subgrp-head sb-count","frontend-angular/src/app/core/shell/sidebar/sidebar-directory.component.html; frontend-angular/src/app/core/shell/sidebar/sidebar-directory.component.scss"
"still-used","6814",".sb-stage-head.active .sb-subgrp-badge, .sb-stage-head.active .sb-count","sb-stage-head active sb-subgrp-badge sb-count","frontend-angular/src/app/app.spec.ts; frontend-angular/src/app/core/shell/history/history-dialog.component.html; frontend-angular/src/app/core/shell/history/history-dialog.component.scss"
"still-used","6820",".sb-stage-empty","sb-stage-empty","frontend-angular/src/app/core/shell/sidebar/sidebar-directory.component.html"
"still-used","6824",".sb-value-head","sb-value-head","frontend-angular/src/app/core/shell/sidebar/sidebar-directory.component.html"
"still-used","6828",".sb-directory-component .sb-capability-head","sb-directory-component sb-capability-head","frontend-angular/src/app/core/shell/sidebar/sidebar-directory.component.html; frontend-angular/src/app/core/shell/sidebar/sidebar-directory.component.scss"
"still-used","6832",".sb-directory-component .sb-capability-head:hover","sb-directory-component sb-capability-head","frontend-angular/src/app/core/shell/sidebar/sidebar-directory.component.html; frontend-angular/src/app/core/shell/sidebar/sidebar-directory.component.scss"
"still-used","6836",".sb-directory-component .sb-capability-head .sb-grp-badge","sb-directory-component sb-capability-head sb-grp-badge","frontend-angular/src/app/core/shell/sidebar/sidebar-directory.component.html; frontend-angular/src/app/core/shell/sidebar/sidebar-directory.component.scss"
"still-used","6841",".sb-section:first-child .sb-value-head","sb-section sb-value-head","frontend-angular/src/app/core/shell/sidebar/sidebar-directory.component.html; frontend-angular/src/app/core/shell/sidebar/sidebar-directory.component.scss"
"still-used","6845",".sb-section:first-child .sb-value-head .sb-grp-badge","sb-section sb-value-head sb-grp-badge","frontend-angular/src/app/core/shell/sidebar/sidebar-directory.component.html; frontend-angular/src/app/core/shell/sidebar/sidebar-directory.component.scss"
"still-used","6850",".sb-asset-section","sb-asset-section","frontend-angular/src/app/app.spec.ts; frontend-angular/src/app/core/shell/sidebar/sidebar-directory.component.html; frontend-angular/src/app/core/shell/sidebar/sidebar-directory.component.scss"
"still-used","6855",".sb-asset-head","sb-asset-head","frontend-angular/src/app/core/shell/sidebar/sidebar-directory.component.html; frontend-angular/src/app/core/shell/sidebar/sidebar-directory.component.scss"
"still-used","6865",".sb-asset-head span","sb-asset-head","frontend-angular/src/app/core/shell/sidebar/sidebar-directory.component.html; frontend-angular/src/app/core/shell/sidebar/sidebar-directory.component.scss"
"still-used","6870",".sb-asset-item","sb-asset-item","frontend-angular/src/app/core/shell/sidebar/sidebar-directory.component.html; frontend-angular/src/app/core/shell/sidebar/sidebar-directory.component.scss"
"still-used","6886",".sb-asset-link","sb-asset-link","frontend-angular/src/app/core/shell/sidebar/sidebar-directory.component.html; frontend-angular/src/app/core/shell/sidebar/sidebar-directory.component.scss"
"still-used","6891",".sb-asset-link:hover","sb-asset-link","frontend-angular/src/app/core/shell/sidebar/sidebar-directory.component.html; frontend-angular/src/app/core/shell/sidebar/sidebar-directory.component.scss"
"still-used","6896",".sb-asset-link small","sb-asset-link","frontend-angular/src/app/core/shell/sidebar/sidebar-directory.component.html; frontend-angular/src/app/core/shell/sidebar/sidebar-directory.component.scss"
"still-used","6908",".sb-asset-link.disabled","sb-asset-link disabled","frontend-angular/src/app/app.spec.ts; frontend-angular/src/app/core/shell/sidebar/sidebar-directory.component.html; frontend-angular/src/app/core/shell/sidebar/sidebar-directory.component.scss"
"still-used","6912",".sb-asset-item[data-asset-entity-id]","sb-asset-item","frontend-angular/src/app/core/shell/sidebar/sidebar-directory.component.html; frontend-angular/src/app/core/shell/sidebar/sidebar-directory.component.scss"
"still-used","6915",".sb-asset-item[data-asset-entity-id]:hover","sb-asset-item","frontend-angular/src/app/core/shell/sidebar/sidebar-directory.component.html; frontend-angular/src/app/core/shell/sidebar/sidebar-directory.component.scss"
"still-used","6920",".sb-asset-more, .sb-asset-empty","sb-asset-more sb-asset-empty","frontend-angular/src/app/core/shell/sidebar/sidebar-directory.component.html"
"still-used","6925",".sb-related-processes","sb-related-processes","frontend-angular/src/app/app.spec.ts; frontend-angular/src/app/core/shell/sidebar/sidebar-directory.component.html"
"still-used","6929",".sb-related-processes .sb-proc-head","sb-related-processes sb-proc-head","frontend-angular/src/app/app.spec.ts; frontend-angular/src/app/core/shell/sidebar/sidebar-directory.component.html"
"legacy-compat-selector","6933",".sb-entity-item","sb-entity-item",""
"legacy-compat-selector","6942",".sb-entity-item:hover","sb-entity-item",""
"still-used","6943",".sb-entity-item.active","sb-entity-item active","frontend-angular/src/app/app.spec.ts; frontend-angular/src/app/core/shell/history/history-dialog.component.html; frontend-angular/src/app/core/shell/history/history-dialog.component.scss"
"legacy-compat-selector","6944",".sb-move-btns","sb-move-btns",""
"still-used","6954",".sb-grp-head .sb-move-btns","sb-grp-head sb-move-btns","frontend-angular/src/app/core/shell/sidebar/sidebar-directory.component.html; frontend-angular/src/app/core/shell/sidebar/sidebar-directory.component.scss"
"still-used","6955",".sb-proc-head:hover .sb-move-btns, .sb-grp-head:hover .sb-move-btns, .sb-entity-item:hover .sb-move-btns, .sb-item:hover .sb-move-btns","sb-proc-head sb-move-btns sb-grp-head sb-entity-item sb-item","frontend-angular/src/app/core/shell/sidebar/sidebar-directory.component.html; frontend-angular/src/app/core/shell/sidebar/sidebar-directory.component.scss"
"legacy-compat-selector","6959",".sb-move-btn","sb-move-btn",""
"legacy-compat-selector","6965",".sb-move-btn:hover","sb-move-btn",""
"legacy-compat-selector","6966",".sb-move-btn::before","sb-move-btn",""
"legacy-compat-selector","6967",".sb-move-up::before","sb-move-up",""
"legacy-compat-selector","6968",".sb-move-down::before","sb-move-down",""
"suspected-dead","6969",".proc-add-bar","proc-add-bar",""
"still-used","6974",".proc-row","proc-row","frontend-angular/src/app/core/shell/sidebar/sidebar-directory.component.html; frontend-angular/src/app/core/shell/sidebar/sidebar-directory.component.scss"
"still-used","6985",".proc-row:first-of-type","proc-row","frontend-angular/src/app/core/shell/sidebar/sidebar-directory.component.html; frontend-angular/src/app/core/shell/sidebar/sidebar-directory.component.scss"
"still-used","6986",".proc-row:hover","proc-row","frontend-angular/src/app/core/shell/sidebar/sidebar-directory.component.html; frontend-angular/src/app/core/shell/sidebar/sidebar-directory.component.scss"
"still-used","6987",".proc-row.active","proc-row active","frontend-angular/src/app/app.spec.ts; frontend-angular/src/app/core/shell/history/history-dialog.component.html; frontend-angular/src/app/core/shell/history/history-dialog.component.scss"
"suspected-dead","6988",".proc-row-id","proc-row-id",""
"suspected-dead","6989",".proc-row-name","proc-row-name",""
"suspected-dead","6990",".proc-del-btn","proc-del-btn",""
"still-used","6991",".proc-row:hover .proc-del-btn","proc-row proc-del-btn","frontend-angular/src/app/core/shell/sidebar/sidebar-directory.component.html; frontend-angular/src/app/core/shell/sidebar/sidebar-directory.component.scss"
"suspected-dead","6992",".task-row","task-row",""
"suspected-dead","7001",".task-row:hover","task-row",""
"still-used","7002",".task-row.active","task-row active","frontend-angular/src/app/app.spec.ts; frontend-angular/src/app/core/shell/history/history-dialog.component.html; frontend-angular/src/app/core/shell/history/history-dialog.component.scss"
"suspected-dead","7003",".task-row-id","task-row-id",""
"suspected-dead","7004",".task-row-name","task-row-name",""
"suspected-dead","7005",".task-row-role","task-row-role",""
"suspected-dead","7008",".task-row-actions","task-row-actions",""
"suspected-dead","7009",".task-row:hover .task-row-actions","task-row task-row-actions",""
"suspected-dead","7010",".task-add-row","task-add-row",""
"suspected-dead","7013",".task-add-btn","task-add-btn",""
"suspected-dead","7014",".task-add-btn:hover","task-add-btn",""
"suspected-dead","7015",".danger-btn","danger-btn",""
"suspected-dead","7018",".danger-btn:hover","danger-btn",""
"still-used","7019",".detail-section","detail-section","frontend-angular/src/app/workbenches/support/feedback/feedback-workbench.component.html; frontend-angular/src/app/workbenches/support/feedback/feedback-workbench.component.scss"
"still-used","7022",".detail-title","detail-title","frontend-angular/src/app/workbenches/process/stage/process-stage-workbench.component.html"
"suspected-dead","7028",".detail-id","detail-id",""
"suspected-dead","7033",".role-tag-list","role-tag-list",""
"suspected-dead","7036",".role-tag","role-tag",""
"suspected-dead","7042",".role-del","role-del",""
"suspected-dead","7046",".role-del:hover","role-del",""
"suspected-dead","7047",".add-role-row","add-role-row",""
"suspected-dead","7048",".domain-info-card","domain-info-card",""
"legacy-compat-selector","7050",".role-toolbar-actions","role-toolbar-actions",""
"legacy-compat-selector","7053",".role-toolbar-actions input","role-toolbar-actions",""
"legacy-compat-selector","7056",".role-mgmt-toolbar","role-mgmt-toolbar",""
"suspected-dead","7060",".role-summary-badges","role-summary-badges",""
"suspected-dead","7063",".role-summary-badge, .proc-role-badge","role-summary-badge proc-role-badge",""
"suspected-dead","7073",".role-search-input","role-search-input",""
"suspected-dead","7076",".role-mgmt-layout","role-mgmt-layout",""
"suspected-dead","7082",".role-mgmt-list, .proc-role-list","role-mgmt-list proc-role-list",""
"suspected-dead","7087",".role-mgmt-list","role-mgmt-list",""
"suspected-dead","7091",".role-list-item, .proc-role-item","role-list-item proc-role-item",""
"suspected-dead","7101",".role-list-item:hover, .proc-role-item:hover","role-list-item proc-role-item",""
"still-used","7107",".role-list-item.active, .proc-role-item.active","role-list-item active proc-role-item","frontend-angular/src/app/app.spec.ts; frontend-angular/src/app/core/shell/history/history-dialog.component.html; frontend-angular/src/app/core/shell/history/history-dialog.component.scss"
"suspected-dead","7113",".role-list-head, .proc-role-item-head","role-list-head proc-role-item-head",""
"suspected-dead","7117",".role-list-name, .proc-role-item-name, .role-detail-title, .proc-role-detail-title","role-list-name proc-role-item-name role-detail-title proc-role-detail-title",""
"suspected-dead","7123",".role-status-badge","role-status-badge",""
"still-used","7128",".role-status-badge.is-active","role-status-badge is-active","frontend-angular/src/app/workbenches/knowledge/knowledge-workbench.html; frontend-angular/src/app/workbenches/knowledge/knowledge-workbench.scss"
"suspected-dead","7131",".role-status-badge.is-idle","role-status-badge is-idle",""
"still-used","7134",".role-status-badge.is-disabled","role-status-badge is-disabled","frontend-angular/src/app/workbenches/role/role-management.scss"
"suspected-dead","7137",".role-list-desc","role-list-desc",""
"suspected-dead","7142",".role-list-desc-empty","role-list-desc-empty",""
"suspected-dead","7145",".role-list-metrics, .proc-role-item-meta, .role-detail-subtitle, .proc-role-detail-subtitle","role-list-metrics proc-role-item-meta role-detail-subtitle proc-role-detail-subtitle",""
"suspected-dead","7152",".role-empty-list","role-empty-list",""
"still-used","7160",".role-mgmt-detail, .proc-role-detail","role-mgmt-detail proc-role-detail","frontend-angular/src/app/workbenches/role/role-usecase.scss; frontend-angular/src/app/workbenches/role/role-workbench.scss"
"still-used","7169",".proc-role-detail","proc-role-detail","frontend-angular/src/app/workbenches/role/role-usecase.scss; frontend-angular/src/app/workbenches/role/role-workbench.scss"
"suspected-dead","7175",".role-detail-head, .proc-role-detail-head","role-detail-head proc-role-detail-head",""
"suspected-dead","7180",".role-detail-actions, .proc-role-detail-badges","role-detail-actions proc-role-detail-badges",""
"legacy-compat-selector","7184",".role-merge-row","role-merge-row",""
"legacy-compat-selector","7187",".role-merge-row label","role-merge-row",""
"legacy-compat-selector","7190",".role-merge-actions","role-merge-actions",""
"legacy-compat-selector","7193",".role-merge-actions select","role-merge-actions",""
"suspected-dead","7196",".role-usage-section h4","role-usage-section",""
"suspected-dead","7200",".role-usage-card, .proc-role-usage-card","role-usage-card proc-role-usage-card",""
"suspected-dead","7207",".role-usage-card + .role-usage-card, .proc-role-usage-card + .proc-role-usage-card","role-usage-card proc-role-usage-card",""
"suspected-dead","7211",".role-usage-head, .proc-role-usage-head","role-usage-head proc-role-usage-head",""
"suspected-dead","7216",".role-usage-proc, .proc-role-usage-proc","role-usage-proc proc-role-usage-proc",""
"suspected-dead","7220",".role-usage-subdomain, .proc-role-usage-subdomain","role-usage-subdomain proc-role-usage-subdomain",""
"suspected-dead","7230",".role-usage-tasks, .proc-role-task-list","role-usage-tasks proc-role-task-list",""
"suspected-dead","7234",".role-task-chip","role-task-chip",""
"suspected-dead","7243",".role-task-chip:hover","role-task-chip",""
"suspected-dead","7246",".domain-language-card","domain-language-card",""
"suspected-dead","7249",".domain-language-body","domain-language-body",""
"still-used","7252",".domain-panel","domain-panel","frontend-angular/src/app/workbenches/component/shell/component-workbench-shell.component.html; frontend-angular/src/app/workbenches/role/role-workbench.html"
"still-used","7259",".domain-panel h3","domain-panel","frontend-angular/src/app/workbenches/component/shell/component-workbench-shell.component.html; frontend-angular/src/app/workbenches/role/role-workbench.html"
"suspected-dead","7264",".domain-panel-head","domain-panel-head",""
"suspected-dead","7272",".domain-panel-head-button","domain-panel-head-button",""
"suspected-dead","7279",".domain-panel-head-button:hover","domain-panel-head-button",""
"suspected-dead","7282",".domain-panel-copy","domain-panel-copy",""
"suspected-dead","7286",".domain-panel-title-row","domain-panel-title-row",""
"suspected-dead","7292",".domain-panel-subtitle","domain-panel-subtitle",""
"suspected-dead","7298",".domain-panel-actions","domain-panel-actions",""
"still-used","7307",".domain-panel-badge, .domain-panel-stat","domain-panel-badge domain-panel-stat","frontend-angular/src/app/workbenches/role/role-workbench.html"
"still-used","7316",".domain-panel-badge","domain-panel-badge","frontend-angular/src/app/workbenches/role/role-workbench.html"
"suspected-dead","7321",".domain-panel-stat","domain-panel-stat",""
"suspected-dead","7326",".domain-panel-body","domain-panel-body",""
"still-used","7329",".domain-panel-empty","domain-panel-empty","frontend-angular/src/app/workbenches/role/role-workbench.html"
"suspected-dead","7332",".business-model-dialog-backdrop","business-model-dialog-backdrop",""
"suspected-dead","7342",".business-model-dialog-panel","business-model-dialog-panel",""
"suspected-dead","7353",".business-model-dialog-panel.task-definition-dialog","business-model-dialog-panel task-definition-dialog",""
"suspected-dead","7356",".task-detail-label-row","task-detail-label-row",""
"suspected-dead","7362",".task-detail-label-row label","task-detail-label-row",""
"legacy-compat-selector","7363",".task-detail-label-row .rich-text-toolbar","task-detail-label-row rich-text-toolbar",""
"legacy-compat-selector","7373",".task-detail-field:focus-within .rich-text-toolbar","task-detail-field rich-text-toolbar",""
"suspected-dead","7376",".task-detail-shortcuts","task-detail-shortcuts",""
"suspected-dead","7382",".task-detail-field:focus-within .task-detail-shortcuts","task-detail-field task-detail-shortcuts",""
"suspected-dead","7385",".rich-text-shortcuts","rich-text-shortcuts",""
"suspected-dead","7392",".rich-text-field:focus-within .rich-text-shortcuts","rich-text-field rich-text-shortcuts",""
"suspected-dead","7395",".task-detail-editor-box","task-detail-editor-box",""
"suspected-dead","7399",".task-detail-editor-box .rich-text-editor","task-detail-editor-box rich-text-editor",""
"suspected-dead","7403",".business-model-dialog-panel.task-definition-manager-dialog","business-model-dialog-panel task-definition-manager-dialog",""
"suspected-dead","7406",".business-model-dialog-head","business-model-dialog-head",""
"suspected-dead","7414",".business-model-dialog-head h3","business-model-dialog-head",""
"suspected-dead","7418",".business-model-dialog-actions","business-model-dialog-actions",""
"suspected-dead","7423",".business-model-dialog-actions .business-model-back-btn","business-model-dialog-actions business-model-back-btn",""
"suspected-dead","7429",".business-model-dialog-actions .business-model-back-btn:hover","business-model-dialog-actions business-model-back-btn",""
"suspected-dead","7432",".dialog-progress","dialog-progress",""
"suspected-dead","7444",".dialog-progress-bar","dialog-progress-bar",""
"suspected-dead","7451",".dialog-progress-bar .pb-seg","dialog-progress-bar pb-seg",""
"suspected-dead","7459",".dialog-progress-bar .pb-fill","dialog-progress-bar pb-fill",""
"suspected-dead","7466",".dialog-progress-bar .pb-label","dialog-progress-bar pb-label",""
"suspected-dead","7474",".business-model-dialog-body","business-model-dialog-body",""
"suspected-dead","7480",".business-model-dialog-grid","business-model-dialog-grid",""
"suspected-dead","7485",".business-model-dialog-section","business-model-dialog-section",""
"still-used","7493",".business-model-section-head","business-model-section-head","frontend-angular/src/app/workbenches/component/business-model/business-model-workbench.component.html; frontend-angular/src/app/workbenches/component/business-model/business-model-workbench.component.scss"
"still-used","7499",".business-model-section-head h4","business-model-section-head","frontend-angular/src/app/workbenches/component/business-model/business-model-workbench.component.html; frontend-angular/src/app/workbenches/component/business-model/business-model-workbench.component.scss"
"still-used","7504",".business-model-section-head span","business-model-section-head","frontend-angular/src/app/workbenches/component/business-model/business-model-workbench.component.html; frontend-angular/src/app/workbenches/component/business-model/business-model-workbench.component.scss"
"suspected-dead","7508",".business-model-section-hint","business-model-section-hint",""
"suspected-dead","7513",".business-model-move-list","business-model-move-list",""
"suspected-dead","7517",".business-model-move-row","business-model-move-row",""
"suspected-dead","7527",".business-model-move-row > span:first-child","business-model-move-row",""
"suspected-dead","7533",".business-model-move-actions","business-model-move-actions",""
"suspected-dead","7538",".business-model-manager-hint","business-model-manager-hint",""
"suspected-dead","7544",".task-definition-manager-group","task-definition-manager-group",""
"suspected-dead","7547",".task-definition-manager-main","task-definition-manager-main",""
"suspected-dead","7553",".task-definition-manager-main strong","task-definition-manager-main",""
"suspected-dead","7558",".task-definition-manager-main small","task-definition-manager-main",""
"suspected-dead","7568",".task-definition-tech-group input","task-definition-tech-group",""
"suspected-dead","7571",".task-definition-param-summary","task-definition-param-summary",""
"suspected-dead","7574",".task-definition-param-bar","task-definition-param-bar",""
"suspected-dead","7585",".task-definition-param-bar span","task-definition-param-bar",""
"suspected-dead","7594",".task-parameter-modal","task-parameter-modal",""
"suspected-dead","7597",".task-parameter-modal-body","task-parameter-modal-body",""
"suspected-dead","7603",".task-param-address","task-param-address",""
"suspected-dead","7609",".task-param-address label","task-param-address",""
"suspected-dead","7613",".task-param-address input","task-param-address",""
"suspected-dead","7621",".task-param-address span","task-param-address",""
"suspected-dead","7626",".task-param-grid","task-param-grid",""
"suspected-dead","7631",".task-param-panel","task-param-panel",""
"suspected-dead","7638",".task-param-panel-head","task-param-panel-head",""
"suspected-dead","7645",".task-param-panel-head h4","task-param-panel-head",""
"suspected-dead","7649",".task-param-header, .task-param-row","task-param-header task-param-row",""
"suspected-dead","7656",".task-param-header","task-param-header",""
"suspected-dead","7662",".task-param-row","task-param-row",""
"suspected-dead","7669",".task-param-actions","task-param-actions",""
"suspected-dead","7674",".task-param-row input[type=""text""], .task-param-row select","task-param-row",""
"still-used","7684",".task-param-row textarea.auto-resize","task-param-row auto-resize","frontend-angular/src/app/workbenches/process/editor/process-editor-workbench.component.html"
"still-used","7691",".task-param-row textarea.auto-resize:focus, .task-param-row textarea.auto-resize[style*=""height""]","task-param-row auto-resize","frontend-angular/src/app/workbenches/process/editor/process-editor-workbench.component.html"
"suspected-dead","7693",".task-param-children","task-param-children",""
"suspected-dead","7700",".task-param-children-head","task-param-children-head",""
"suspected-dead","7704",".task-param-children-head span","task-param-children-head",""
"suspected-dead","7707",".task-param-child-row","task-param-child-row",""
"suspected-dead","7710",".task-param-required","task-param-required",""
"suspected-dead","7718",".task-param-empty","task-param-empty",""
"suspected-dead","7724",".task-param-grid","task-param-grid",""
"suspected-dead","7728",".domain-info-card .domain-panel-head","domain-info-card domain-panel-head",""
"suspected-dead","7732",".domain-info-card .domain-panel-copy","domain-info-card domain-panel-copy",""
"suspected-dead","7735",".domain-info-card .domain-panel-actions","domain-info-card domain-panel-actions",""
"suspected-dead","7738",".domain-info-inline","domain-info-inline",""
"suspected-dead","7747",".domain-info-inline-field","domain-info-inline-field",""
"suspected-dead","7754",".domain-info-inline-field span","domain-info-inline-field",""
"suspected-dead","7759",".domain-info-inline-field input","domain-info-inline-field",""
"suspected-dead","7762",".domain-info-author-field input","domain-info-author-field",""
"suspected-dead","7765",".domain-info-date-field input","domain-info-date-field",""
"suspected-dead","7768",".domain-info-space-field input","domain-info-space-field",""
"suspected-dead","7771",".domain-info-tags-field input","domain-info-tags-field",""
"suspected-dead","7774",".domain-language-card .domain-panel-head-button","domain-language-card domain-panel-head-button",""
"legacy-compat-selector","7777",".domain-language-toolbar","domain-language-toolbar",""
"suspected-dead","7784",".domain-language-hint","domain-language-hint",""
"suspected-dead","7789",".term-quick-actions","term-quick-actions",""
"suspected-dead","7796",".domain-info-card-body","domain-info-card-body",""
"suspected-dead","7801",".domain-info-map-block","domain-info-map-block",""
"suspected-dead","7805",".domain-info-map-head","domain-info-map-head",""
"suspected-dead","7811",".domain-info-scope-title","domain-info-scope-title",""
"suspected-dead","7818",".domain-info-scope-title h3","domain-info-scope-title",""
"suspected-dead","7822",".domain-info-scope-title span","domain-info-scope-title",""
"suspected-dead","7830",".domain-subdomain-map-card .domain-panel-body","domain-subdomain-map-card domain-panel-body",""
"still-used","7834",".domain-subdomain-legend","domain-subdomain-legend","frontend-angular/src/app/workbenches/component/business-model/business-model-workbench.component.html"
"suspected-dead","7840",".domain-subdomain-actions","domain-subdomain-actions",""
"suspected-dead","7847",".domain-model-integrated","domain-model-integrated",""
"still-used","7850",".subdomain-legend","subdomain-legend","frontend-angular/src/app/workbenches/component/business-model/business-model-workbench.component.html"
"still-used","7860",".subdomain-legend.core","subdomain-legend core","frontend-angular/src/app/app.config.ts; frontend-angular/src/app/app.spec.ts; frontend-angular/src/app/app.ts"
"still-used","7865",".subdomain-legend.generic","subdomain-legend generic","frontend-angular/src/app/core/shell/sidebar/sidebar-legacy-adapter.ts; frontend-angular/src/app/workbenches/component/business-model/business-model-workbench.component.html; frontend-angular/src/app/workbenches/component/business-model/business-model-workbench.component.ts"
"suspected-dead","7870",".subdomain-map-ovals","subdomain-map-ovals",""
"suspected-dead","7875",".subdomain-oval","subdomain-oval",""
"suspected-dead","7884",".subdomain-oval-core","subdomain-oval-core",""
"suspected-dead","7888",".subdomain-oval-generic","subdomain-oval-generic",""
"suspected-dead","7892",".subdomain-oval-title","subdomain-oval-title",""
"suspected-dead","7904",".subdomain-oval-chips","subdomain-oval-chips",""
"suspected-dead","7914",".subdomain-map-chip","subdomain-map-chip",""
"still-used","7928",".subdomain-map-chip.core","subdomain-map-chip core","frontend-angular/src/app/app.config.ts; frontend-angular/src/app/app.spec.ts; frontend-angular/src/app/app.ts"
"still-used","7931",".subdomain-map-chip.generic","subdomain-map-chip generic","frontend-angular/src/app/core/shell/sidebar/sidebar-legacy-adapter.ts; frontend-angular/src/app/workbenches/component/business-model/business-model-workbench.component.html; frontend-angular/src/app/workbenches/component/business-model/business-model-workbench.component.ts"
"suspected-dead","7934",".subdomain-map-chip-name","subdomain-map-chip-name",""
"suspected-dead","7939",".subdomain-map-chip-meta","subdomain-map-chip-meta",""
"still-used","7944",".subdomain-map-empty","subdomain-map-empty","frontend-angular/src/app/workbenches/component/business-model/business-model-workbench.component.html"
"suspected-dead","7948",".subdomain-classify-list","subdomain-classify-list",""
"suspected-dead","7952",".subdomain-classify-row","subdomain-classify-row",""
"suspected-dead","7962",".subdomain-classify-main","subdomain-classify-main",""
"suspected-dead","7968",".subdomain-classify-main strong","subdomain-classify-main",""
"suspected-dead","7972",".subdomain-classify-meta","subdomain-classify-meta",""
"suspected-dead","7976",".subdomain-classify-actions","subdomain-classify-actions",""
"still-used","7982",".domain-map-shell","domain-map-shell","frontend-angular/src/app/workbenches/component/business-model/business-model-workbench.component.html"
"still-used","7996",".domain-map-region-label","domain-map-region-label","frontend-angular/src/app/workbenches/component/business-model/business-model-workbench.component.html"
"still-used","8009",".domain-map-region-label-core","domain-map-region-label-core","frontend-angular/src/app/workbenches/component/business-model/business-model-workbench.component.html"
"still-used","8017",".domain-map-region-label-generic","domain-map-region-label-generic","frontend-angular/src/app/workbenches/component/business-model/business-model-workbench.component.html"
"still-used","8025",".domain-region","domain-region","frontend-angular/src/app/workbenches/component/business-model/business-model-workbench.component.html"
"still-used","8036",".domain-region-core","domain-region-core","frontend-angular/src/app/workbenches/component/business-model/business-model-workbench.component.html"
"still-used","8041",".domain-region-generic","domain-region-generic","frontend-angular/src/app/workbenches/component/business-model/business-model-workbench.component.html"
"still-used","8047",".domain-context-node","domain-context-node","frontend-angular/src/app/workbenches/component/business-model/business-model-workbench.component.html; frontend-angular/src/app/workbenches/component/business-model/business-model-workbench.component.scss"
"still-used","8060",".domain-context-node:hover strong","domain-context-node","frontend-angular/src/app/workbenches/component/business-model/business-model-workbench.component.html; frontend-angular/src/app/workbenches/component/business-model/business-model-workbench.component.scss"
"still-used","8063",".domain-context-node.core strong","domain-context-node core","frontend-angular/src/app/app.config.ts; frontend-angular/src/app/app.spec.ts; frontend-angular/src/app/app.ts"
"still-used","8066",".domain-context-node.core .domain-context-node-meta","domain-context-node core domain-context-node-meta","frontend-angular/src/app/app.config.ts; frontend-angular/src/app/app.spec.ts; frontend-angular/src/app/app.ts"
"still-used","8069",".domain-context-node.generic strong","domain-context-node generic","frontend-angular/src/app/core/shell/sidebar/sidebar-legacy-adapter.ts; frontend-angular/src/app/workbenches/component/business-model/business-model-workbench.component.html; frontend-angular/src/app/workbenches/component/business-model/business-model-workbench.component.scss"
"still-used","8072",".domain-context-node.generic .domain-context-node-meta","domain-context-node generic domain-context-node-meta","frontend-angular/src/app/core/shell/sidebar/sidebar-legacy-adapter.ts; frontend-angular/src/app/workbenches/component/business-model/business-model-workbench.component.html; frontend-angular/src/app/workbenches/component/business-model/business-model-workbench.component.scss"
"still-used","8075",".domain-context-node:focus-visible","domain-context-node","frontend-angular/src/app/workbenches/component/business-model/business-model-workbench.component.html; frontend-angular/src/app/workbenches/component/business-model/business-model-workbench.component.scss"
"still-used","8080",".domain-context-node-main","domain-context-node-main","frontend-angular/src/app/workbenches/component/business-model/business-model-workbench.component.html"
"still-used","8085",".domain-context-node-main strong","domain-context-node-main","frontend-angular/src/app/workbenches/component/business-model/business-model-workbench.component.html"
"still-used","8091",".domain-context-node-meta","domain-context-node-meta","frontend-angular/src/app/workbenches/component/business-model/business-model-workbench.component.html"
"still-used","8096",".domain-subdomain-separator","domain-subdomain-separator","frontend-angular/src/app/workbenches/component/business-model/business-model-workbench.component.html"
"still-used","8106",".domain-context-node:last-child .domain-subdomain-separator","domain-context-node domain-subdomain-separator","frontend-angular/src/app/workbenches/component/business-model/business-model-workbench.component.html; frontend-angular/src/app/workbenches/component/business-model/business-model-workbench.component.scss"
"still-used","8109",".domain-region-generic .domain-subdomain-separator","domain-region-generic domain-subdomain-separator","frontend-angular/src/app/workbenches/component/business-model/business-model-workbench.component.html"
"suspected-dead","8112",".domain-panel-toggle","domain-panel-toggle",""
"still-used","8123",".panorama-business-map","panorama-business-map","frontend-angular/src/app/workbenches/panorama/panorama-workbench.html; frontend-angular/src/app/workbenches/panorama/panorama-workbench.scss"
"suspected-dead","8134",".panorama-map-actions","panorama-map-actions",""
"still-used","8145",".panorama-zoom-viewport","panorama-zoom-viewport","frontend-angular/src/app/app.spec.ts; frontend-angular/src/app/workbenches/panorama/panorama-workbench.html; frontend-angular/src/app/workbenches/panorama/panorama-workbench.scss"
"still-used","8150",".panorama-zoom-canvas","panorama-zoom-canvas","frontend-angular/src/app/app.spec.ts; frontend-angular/src/app/workbenches/panorama/panorama-workbench.html; frontend-angular/src/app/workbenches/panorama/panorama-workbench.scss"
"still-used","8157",".panorama-map-row","panorama-map-row","frontend-angular/src/app/workbenches/panorama/panorama-workbench.html"
"still-used","8160",".panorama-map-header","panorama-map-header","frontend-angular/src/app/workbenches/panorama/panorama-workbench.html"
"still-used","8174",".panorama-strategy-flow","panorama-strategy-flow","frontend-angular/src/app/workbenches/panorama/panorama-workbench.html"
"still-used","8183",".panorama-strategy-pill","panorama-strategy-pill","frontend-angular/src/app/workbenches/panorama/panorama-workbench.html"
"still-used","8197",".panorama-strategy-pill.primary","panorama-strategy-pill primary","frontend-angular/src/app/core/shell/history/history-dialog.component.html; frontend-angular/src/app/legacy-shell/legacy-shell.component.html; frontend-angular/src/app/workbenches/knowledge/knowledge-workbench.html"
"still-used","8206",".panorama-strategy-arrow","panorama-strategy-arrow","frontend-angular/src/app/workbenches/panorama/panorama-workbench.html"
"still-used","8211",".panorama-matrix-frame","panorama-matrix-frame","frontend-angular/src/app/workbenches/panorama/panorama-workbench.html"
"still-used","8214",".panorama-matrix","panorama-matrix","frontend-angular/src/app/app.spec.ts; frontend-angular/src/app/workbenches/panorama/panorama-workbench.html"
"still-used","8225",".panorama-matrix-corner, .panorama-matrix-head, .panorama-matrix-domain, .panorama-matrix-cell","panorama-matrix-corner panorama-matrix-head panorama-matrix-domain panorama-matrix-cell","frontend-angular/src/app/workbenches/panorama/panorama-workbench.html"
"still-used","8231",".panorama-matrix-corner, .panorama-matrix-head, .panorama-matrix-domain","panorama-matrix-corner panorama-matrix-head panorama-matrix-domain","frontend-angular/src/app/workbenches/panorama/panorama-workbench.html"
"still-used","8238",".panorama-matrix-corner","panorama-matrix-corner","frontend-angular/src/app/workbenches/panorama/panorama-workbench.html"
"still-used","8248",".panorama-corner-axis","panorama-corner-axis","frontend-angular/src/app/workbenches/panorama/panorama-workbench.html"
"still-used","8257",".panorama-corner-domain, .panorama-corner-stream","panorama-corner-domain panorama-corner-stream","frontend-angular/src/app/workbenches/panorama/panorama-workbench.html"
"still-used","8266",".panorama-corner-domain","panorama-corner-domain","frontend-angular/src/app/workbenches/panorama/panorama-workbench.html"
"still-used","8273",".panorama-corner-stream","panorama-corner-stream","frontend-angular/src/app/workbenches/panorama/panorama-workbench.html"
"still-used","8280",".panorama-corner-slash","panorama-corner-slash","frontend-angular/src/app/workbenches/panorama/panorama-workbench.html"
"still-used","8289",".panorama-matrix-head","panorama-matrix-head","frontend-angular/src/app/workbenches/panorama/panorama-workbench.html"
"still-used","8300",".panorama-matrix-domain","panorama-matrix-domain","frontend-angular/src/app/workbenches/panorama/panorama-workbench.html"
"still-used","8312",".panorama-matrix-cell","panorama-matrix-cell","frontend-angular/src/app/workbenches/panorama/panorama-workbench.html"
"still-used","8320",".panorama-stage-lane","panorama-stage-lane","frontend-angular/src/app/workbenches/panorama/panorama-workbench.html"
"still-used","8326",".panorama-stage-cell, .panorama-capability-node","panorama-stage-cell panorama-capability-node","frontend-angular/src/app/app.spec.ts; frontend-angular/src/app/workbenches/panorama/panorama-workbench.html; frontend-angular/src/app/workbenches/panorama/panorama-workbench.scss"
"still-used","8335",".panorama-stage-cell","panorama-stage-cell","frontend-angular/src/app/app.spec.ts; frontend-angular/src/app/workbenches/panorama/panorama-workbench.html; frontend-angular/src/app/workbenches/panorama/panorama-workbench.scss"
"still-used","8344",".panorama-stage-name","panorama-stage-name","frontend-angular/src/app/workbenches/panorama/panorama-workbench.html; frontend-angular/src/app/workbenches/panorama/panorama-workbench.scss"
"still-used","8349",".panorama-stage-count","panorama-stage-count","frontend-angular/src/app/workbenches/panorama/panorama-workbench.html"
"still-used","8354",".panorama-stage-cell.is-supported","panorama-stage-cell is-supported","frontend-angular/src/app/app.spec.ts; frontend-angular/src/app/workbenches/panorama/panorama-workbench.html; frontend-angular/src/app/workbenches/panorama/panorama-workbench.scss"
"still-used","8360",".panorama-stage-cell.is-supported .panorama-stage-count","panorama-stage-cell is-supported panorama-stage-count","frontend-angular/src/app/app.spec.ts; frontend-angular/src/app/workbenches/panorama/panorama-workbench.html; frontend-angular/src/app/workbenches/panorama/panorama-workbench.scss"
"still-used","8363",".panorama-empty-cell","panorama-empty-cell","frontend-angular/src/app/workbenches/panorama/panorama-workbench.html"
"still-used","8367",".panorama-capability-groups","panorama-capability-groups","frontend-angular/src/app/app.spec.ts; frontend-angular/src/app/workbenches/panorama/panorama-workbench.html"
"still-used","8371",".panorama-capability-group","panorama-capability-group","frontend-angular/src/app/app.spec.ts; frontend-angular/src/app/workbenches/panorama/panorama-workbench.html"
"still-used","8381",".panorama-capability-group.generic","panorama-capability-group generic","frontend-angular/src/app/app.spec.ts; frontend-angular/src/app/core/shell/sidebar/sidebar-legacy-adapter.ts; frontend-angular/src/app/workbenches/component/business-model/business-model-workbench.component.html"
"still-used","8385",".panorama-capability-group-label","panorama-capability-group-label","frontend-angular/src/app/workbenches/panorama/panorama-workbench.html"
"still-used","8395",".panorama-capability-group.generic .panorama-capability-group-label","panorama-capability-group generic panorama-capability-group-label","frontend-angular/src/app/app.spec.ts; frontend-angular/src/app/core/shell/sidebar/sidebar-legacy-adapter.ts; frontend-angular/src/app/workbenches/component/business-model/business-model-workbench.component.html"
"still-used","8399",".panorama-capability-strip","panorama-capability-strip","frontend-angular/src/app/workbenches/panorama/panorama-workbench.html"
"still-used","8404",".panorama-capability-node","panorama-capability-node","frontend-angular/src/app/workbenches/panorama/panorama-workbench.html; frontend-angular/src/app/workbenches/panorama/panorama-workbench.scss"
"still-used","8415",".panorama-capability-node strong","panorama-capability-node","frontend-angular/src/app/workbenches/panorama/panorama-workbench.html; frontend-angular/src/app/workbenches/panorama/panorama-workbench.scss"
"suspected-dead","8420",".panorama-capability-constructs","panorama-capability-constructs",""
"suspected-dead","8425",".panorama-capability-constructs em","panorama-capability-constructs",""
"still-used","8438",".panorama-capability-empty","panorama-capability-empty","frontend-angular/src/app/workbenches/panorama/panorama-workbench.html"
"still-used","8443",".panorama-capability-node.core","panorama-capability-node core","frontend-angular/src/app/app.config.ts; frontend-angular/src/app/app.spec.ts; frontend-angular/src/app/app.ts"
"still-used","8446",".panorama-capability-node.generic","panorama-capability-node generic","frontend-angular/src/app/core/shell/sidebar/sidebar-legacy-adapter.ts; frontend-angular/src/app/workbenches/component/business-model/business-model-workbench.component.html; frontend-angular/src/app/workbenches/component/business-model/business-model-workbench.component.ts"
"still-used","8449",".panorama-capability-node.is-active","panorama-capability-node is-active","frontend-angular/src/app/workbenches/knowledge/knowledge-workbench.html; frontend-angular/src/app/workbenches/knowledge/knowledge-workbench.scss; frontend-angular/src/app/workbenches/panorama/panorama-workbench.html"
"suspected-dead","8455",".domain-panel-head","domain-panel-head",""
"suspected-dead","8459",".domain-panel-actions","domain-panel-actions",""
"still-used","8464",".domain-map-shell","domain-map-shell","frontend-angular/src/app/workbenches/component/business-model/business-model-workbench.component.html"
"still-used","8469",".domain-map-region-label","domain-map-region-label","frontend-angular/src/app/workbenches/component/business-model/business-model-workbench.component.html"
"still-used","8473",".domain-region","domain-region","frontend-angular/src/app/workbenches/component/business-model/business-model-workbench.component.html"
"still-used","8477",".domain-region + .domain-map-region-label, .domain-region + .domain-region","domain-region domain-map-region-label","frontend-angular/src/app/workbenches/component/business-model/business-model-workbench.component.html"
"suspected-dead","8481",".domain-info-map-head","domain-info-map-head",""
"suspected-dead","8484",".domain-info-card .domain-panel-copy","domain-info-card domain-panel-copy",""
"suspected-dead","8487",".domain-info-inline","domain-info-inline",""
"suspected-dead","8491",".domain-info-inline-field","domain-info-inline-field",""
"suspected-dead","8494",".domain-info-inline-field input","domain-info-inline-field",""
"still-used","8498",".role-create-inline","role-create-inline","frontend-angular/src/app/app.spec.ts; frontend-angular/src/app/workbenches/role/role-management.scss; frontend-angular/src/app/workbenches/role/role-workbench.html"
"still-used","8503",".role-light-input, .role-light-group-input, .role-light-group-select","role-light-input role-light-group-input role-light-group-select","frontend-angular/src/app/workbenches/role/role-management.scss; frontend-angular/src/app/workbenches/role/role-workbench.html; frontend-angular/src/app/workbenches/role/role-workbench.scss"
"suspected-dead","8509",".business-model-dialog-grid","business-model-dialog-grid",""
"suspected-dead","8512",".task-rule-head","task-rule-head",""
"still-used","8515",".task-rule-head .task-form-inline-actions","task-rule-head task-form-inline-actions","frontend-angular/src/app/workbenches/process/editor/process-editor-workbench.component.html"
"suspected-dead","8520",".field-td-name","field-td-name",""
"suspected-dead","8523",".field-td-type","field-td-type",""
"suspected-dead","8524",".field-td-note","field-td-note",""
"suspected-dead","8525",".field-td-note textarea","field-td-note",""
"suspected-dead","8531",".field-td-note textarea:focus, .field-td-note textarea[style*=""height""]","field-td-note",""
"still-used","8533",".inline-help","inline-help","frontend-angular/src/app/workbenches/process/shell/process-workbench-shell.component.html"
"still-used","8550",".inline-help::before, .inline-help::after","inline-help","frontend-angular/src/app/workbenches/process/shell/process-workbench-shell.component.html"
"still-used","8558",".inline-help::before","inline-help","frontend-angular/src/app/workbenches/process/shell/process-workbench-shell.component.html"
"still-used","8567",".inline-help::after","inline-help","frontend-angular/src/app/workbenches/process/shell/process-workbench-shell.component.html"
"still-used","8585",".inline-help:hover::before, .inline-help:hover::after, .inline-help:focus-visible::before, .inline-help:focus-visible::after","inline-help","frontend-angular/src/app/workbenches/process/shell/process-workbench-shell.component.html"
"suspected-dead","8592",".inline-help-left::before","inline-help-left",""
"suspected-dead","8600",".inline-help-left::after","inline-help-left",""
"suspected-dead","8606",".inline-help-left:hover::before, .inline-help-left:hover::after, .inline-help-left:focus-visible::before, .inline-help-left:focus-visible::after","inline-help-left",""
"suspected-dead","8612",".floating-help-tooltip","floating-help-tooltip",""
"suspected-dead","8626",".floating-help-tooltip[hidden]","floating-help-tooltip",""
"suspected-dead","8630",".entity-state-workbench","entity-state-workbench",""
"suspected-dead","8633",".entity-state-stage","entity-state-stage",""
"suspected-dead","8636",".entity-state-main-shell","entity-state-main-shell",""
"suspected-dead","8641",".entity-state-main","entity-state-main",""
"suspected-dead","8644",".state-editor-drawer","state-editor-drawer",""
"suspected-dead","8655",".entity-state-config-row","entity-state-config-row",""
"still-used","8658",".entity-transition-row","entity-transition-row","frontend-angular/src/app/workbenches/component/entity-design/entity-design-workbench.component.html; frontend-angular/src/app/workbenches/component/entity-design/entity-design-workbench.component.scss"
"suspected-dead","8661",".entity-transition-arrow","entity-transition-arrow",""
"still-used","8665",".ctx-card h3","ctx-card","frontend-angular/src/app/workbenches/component/shell/component-workbench-shell.component.html; frontend-angular/src/app/workbenches/role/role-workbench.html"
"still-used","8668",".domain-panel h3","domain-panel","frontend-angular/src/app/workbenches/component/shell/component-workbench-shell.component.html; frontend-angular/src/app/workbenches/role/role-workbench.html"
"suspected-dead","8676",".section-hint","section-hint",""
"suspected-dead","8682",".task-role-picker","task-role-picker",""
"suspected-dead","8692",".task-role-head","task-role-head",""
"suspected-dead","8698",".task-role-toggle","task-role-toggle",""
"suspected-dead","8716",".task-role-toggle:hover","task-role-toggle",""
"suspected-dead","8720",".task-role-toggle:focus-visible","task-role-toggle",""
"suspected-dead","8724",".task-role-toggle-main","task-role-toggle-main",""
"suspected-dead","8733",".task-role-toggle-label","task-role-toggle-label",""
"suspected-dead","8738",".task-role-toggle-count","task-role-toggle-count",""
"suspected-dead","8750",".task-role-toggle-text","task-role-toggle-text",""
"suspected-dead","8753",".task-role-toggle-caret","task-role-toggle-caret",""
"still-used","8760",".task-role-toggle-caret.is-collapsed","task-role-toggle-caret is-collapsed","frontend-angular/src/app/core/shell/sidebar/sidebar-directory.component.html; frontend-angular/src/app/core/shell/sidebar/sidebar-directory.component.scss"
"suspected-dead","8763",".task-role-collapsed-preview","task-role-collapsed-preview",""
"suspected-dead","8768",".task-role-collapsed-list","task-role-collapsed-list",""
"suspected-dead","8773",".task-role-collapsed-chip, .task-role-collapsed-more","task-role-collapsed-chip task-role-collapsed-more",""
"suspected-dead","8786",".task-role-collapsed-more","task-role-collapsed-more",""
"suspected-dead","8791",".task-role-collapsed-empty","task-role-collapsed-empty",""
"suspected-dead","8795",".task-role-picker-empty","task-role-picker-empty",""
"suspected-dead","8801",".task-role-picker-body","task-role-picker-body",""
"suspected-dead","8806",".task-role-selected","task-role-selected",""
"still-used","8811",".task-role-selected.is-empty","task-role-selected is-empty","frontend-angular/src/app/workbenches/process/editor/process-editor-workbench.component.html"
"suspected-dead","8814",".task-role-selected-count, .task-role-selected-empty","task-role-selected-count task-role-selected-empty",""
"suspected-dead","8819",".task-role-selected-list","task-role-selected-list",""
"suspected-dead","8824",".task-role-selected-chip","task-role-selected-chip",""
"suspected-dead","8835",".task-role-group-list","task-role-group-list",""
"suspected-dead","8840",".task-role-group","task-role-group",""
"suspected-dead","8845",".task-role-group-head","task-role-group-head",""
"suspected-dead","8851",".task-role-group-name","task-role-group-name",""
"suspected-dead","8856",".task-role-group-count","task-role-group-count",""
"suspected-dead","8869",".task-role-option-list","task-role-option-list",""
"suspected-dead","8874",".task-role-option","task-role-option",""
"suspected-dead","8887",".task-role-option:hover","task-role-option",""
"still-used","8892",".task-role-option.active","task-role-option active","frontend-angular/src/app/app.spec.ts; frontend-angular/src/app/core/shell/history/history-dialog.component.html; frontend-angular/src/app/core/shell/history/history-dialog.component.scss"
"suspected-dead","8897",".task-role-option input","task-role-option",""
"suspected-dead","8901",".task-role-option-name","task-role-option-name",""
"suspected-dead","8905",".task-role-picker-actions","task-role-picker-actions",""
"suspected-dead","8909",".ef-canvas","ef-canvas",""
"suspected-dead","8913",".ef-canvas:active","ef-canvas",""
"suspected-dead","8914",".ef-board","ef-board",""
"suspected-dead","8915",".ef-component-frame","ef-component-frame",""
"suspected-dead","8923",".ef-component-title","ef-component-title",""
"suspected-dead","8936",".ef-group-frame","ef-group-frame",""
"suspected-dead","8945",".ef-group-title","ef-group-title",""
"suspected-dead","8956",".ef-node","ef-node",""
"suspected-dead","8967",".ef-node.ef-clickable","ef-node ef-clickable",""
"suspected-dead","8968",".ef-node.ef-clickable:hover","ef-node ef-clickable",""
"suspected-dead","8969",".ef-node.ef-draggable","ef-node ef-draggable",""
"suspected-dead","8970",".ef-node.ef-draggable:active","ef-node ef-draggable",""
"suspected-dead","8971",".ef-node.ef-draggable.ef-clickable:hover","ef-node ef-draggable ef-clickable",""
"suspected-dead","8972",".ef-node.ef-muted","ef-node ef-muted",""
"suspected-dead","8976",".ef-node.ef-neighbor","ef-node ef-neighbor",""
"suspected-dead","8979",".ef-node.ef-focus","ef-node ef-focus",""
"suspected-dead","8984",".ef-node.ef-selected","ef-node ef-selected",""
"suspected-dead","8990",".ef-rel","ef-rel",""
"suspected-dead","8994",".ef-rubber","ef-rubber",""
"suspected-dead","9000",".ef-nid","ef-nid",""
"suspected-dead","9001",".ef-nname","ef-nname",""
"suspected-dead","9002",".ef-svg","ef-svg",""
"legacy-compat-selector","9007",".pv-content","pv-content",""
"legacy-compat-selector","9010",".pv-content h1","pv-content",""
"legacy-compat-selector","9011",".pv-content h2","pv-content",""
"legacy-compat-selector","9012",".pv-content h3","pv-content",""
"legacy-compat-selector","9013",".pv-content h4","pv-content",""
"legacy-compat-selector","9014",".pv-content hr","pv-content",""
"legacy-compat-selector","9015",".pv-content table","pv-content",""
"legacy-compat-selector","9016",".pv-content th","pv-content",""
"legacy-compat-selector","9017",".pv-content td","pv-content",""
"legacy-compat-selector","9018",".pv-content .pv-meta","pv-content pv-meta",""
"legacy-compat-selector","9019",".pv-content .pv-diag","pv-content pv-diag",""
"legacy-compat-selector","9020",".pv-content .pv-entity-diag","pv-content pv-entity-diag",""
"legacy-compat-selector","9021",".pv-content .pv-tasks","pv-content pv-tasks",""
"legacy-compat-selector","9022",".pv-content .pv-task-detail","pv-content pv-task-detail",""
"legacy-compat-selector","9023",".pv-content .pv-role","pv-content pv-role",""
"legacy-compat-selector","9024",".pv-content .pv-note","pv-content pv-note",""
"legacy-compat-selector","9025",".pv-content .pv-role-usecase-section, .pv-content .pv-entity-state-graphs","pv-content pv-role-usecase-section pv-entity-state-graphs",""
"legacy-compat-selector","9029",".pv-content .pv-role-usecase-item, .pv-content .pv-entity-state-graph","pv-content pv-role-usecase-item pv-entity-state-graph",""
"still-used","9033",".pv-content .pv-role-usecase-section .role-usecase-map-wrap, .pv-content .pv-entity-state-graph .entity-state-graph","pv-content pv-role-usecase-section role-usecase-map-wrap pv-entity-state-graph entity-state-graph","frontend-angular/src/app/workbenches/role/role-usecase.scss; frontend-angular/src/app/workbenches/role/role-workbench.html; frontend-angular/src/app/workbenches/role/role-workbench.scss"
"legacy-compat-selector","9037",".pv-content .pv-entity-state-graph .entity-state-zoom-shell","pv-content pv-entity-state-graph entity-state-zoom-shell",""
"legacy-compat-selector","9041",".pv-content .pv-form-model","pv-content pv-form-model",""
"legacy-compat-selector","9048",".pv-content .pv-form-model h5","pv-content pv-form-model",""
"legacy-compat-selector","9053",".pv-content .pv-form-card + .pv-form-card","pv-content pv-form-card",""
"legacy-compat-selector","9058",".pv-content .role-tag","pv-content role-tag",""
"still-used","9059",".process-flow-view","process-flow-view","frontend-angular/src/app/workbenches/process/editor/process-editor-workbench.component.scss; frontend-angular/src/app/workbenches/process/editor/process-editor-workbench.component.ts; frontend-angular/src/app/workbenches/process/flow/process-flow-workbench.component.html"
"still-used","9068",".process-flow-card","process-flow-card","frontend-angular/src/app/workbenches/process/editor/process-editor-workbench.component.scss; frontend-angular/src/app/workbenches/process/shell/process-workbench-shell.component.scss"
"still-used","9080",".process-flow-head","process-flow-head","frontend-angular/src/app/workbenches/process/editor/process-editor-workbench.component.scss"
"suspected-dead","9088",".process-flow-title-wrap","process-flow-title-wrap",""
"still-used","9094",".process-flow-head h3","process-flow-head","frontend-angular/src/app/workbenches/process/editor/process-editor-workbench.component.scss"
"still-used","9102",".process-flow-head p","process-flow-head","frontend-angular/src/app/workbenches/process/editor/process-editor-workbench.component.scss"
"suspected-dead","9109",".process-flow-kicker","process-flow-kicker",""
"still-used","9121",".process-flow-actions","process-flow-actions","frontend-angular/src/app/workbenches/process/editor/process-editor-workbench.component.scss"
"still-used","9129",".process-flow-actions select","process-flow-actions","frontend-angular/src/app/workbenches/process/editor/process-editor-workbench.component.scss"
"suspected-dead","9136",".process-diagram-mode","process-diagram-mode",""
"still-used","9144",".process-diagram-mode .vtb","process-diagram-mode vtb","frontend-angular/src/app/workbenches/component/shell/component-workbench-shell.component.html; frontend-angular/src/app/workbenches/panorama/panorama-workbench.html; frontend-angular/src/app/workbenches/process/shell/process-workbench-shell.component.html"
"still-used","9150",".process-diagram-mode .vtb:first-of-type","process-diagram-mode vtb","frontend-angular/src/app/workbenches/component/shell/component-workbench-shell.component.html; frontend-angular/src/app/workbenches/panorama/panorama-workbench.html; frontend-angular/src/app/workbenches/process/shell/process-workbench-shell.component.html"
"still-used","9154",".process-diagram-mode .vtb:last-child","process-diagram-mode vtb","frontend-angular/src/app/workbenches/component/shell/component-workbench-shell.component.html; frontend-angular/src/app/workbenches/panorama/panorama-workbench.html; frontend-angular/src/app/workbenches/process/shell/process-workbench-shell.component.html"
"suspected-dead","9159",".process-diagram-mode .process-summary-help","process-diagram-mode process-summary-help",""
"suspected-dead","9163",".process-summary-help-wrap","process-summary-help-wrap",""
"suspected-dead","9173",".process-summary-help-icon","process-summary-help-icon",""
"suspected-dead","9187",".process-summary-help-panel","process-summary-help-panel",""
"suspected-dead","9206",".process-summary-help-wrap:not(.is-suppressed):hover .process-summary-help-panel, .process-summary-help-wrap.is-open .process-summary-help-panel","process-summary-help-wrap is-suppressed process-summary-help-panel is-open",""
"suspected-dead","9212",".summary-help-head","summary-help-head",""
"suspected-dead","9218",".summary-help-head strong","summary-help-head",""
"suspected-dead","9221",".summary-help-head span","summary-help-head",""
"suspected-dead","9225",".summary-help-grid","summary-help-grid",""
"suspected-dead","9230",".summary-help-card","summary-help-card",""
"suspected-dead","9237",".summary-help-card strong","summary-help-card",""
"suspected-dead","9242",".summary-help-card > span","summary-help-card",""
"suspected-dead","9248",".summary-help-card svg","summary-help-card",""
"suspected-dead","9256",".msh-node, .msh-boundary","msh-node msh-boundary",""
"suspected-dead","9262",".msh-blue","msh-blue",""
"suspected-dead","9263",".msh-green","msh-green",""
"suspected-dead","9264",".msh-yellow","msh-yellow",""
"suspected-dead","9265",".msh-boundary","msh-boundary",""
"suspected-dead","9269",".msh-node-text","msh-node-text",""
"suspected-dead","9275",".msh-link","msh-link",""
"suspected-dead","9283",".msh-return","msh-return",""
"suspected-dead","9287",".msh-label-bg","msh-label-bg",""
"suspected-dead","9291",".msh-label","msh-label",""
"suspected-dead","9298",".summary-help-grid","summary-help-grid",""
"suspected-dead","9302",".process-diagram-entity-toggle","process-diagram-entity-toggle",""
"suspected-dead","9315",".process-diagram-entity-toggle input","process-diagram-entity-toggle",""
"suspected-dead","9318",".process-flow-summary","process-flow-summary",""
"suspected-dead","9324",".process-flow-summary span","process-flow-summary",""
"suspected-dead","9335",".process-main-diag","process-main-diag",""
"still-used","9345",".process-main-diag .live-diagram","process-main-diag live-diagram","frontend-angular/src/app/workbenches/component/entity-design/entity-design-workbench.component.html; frontend-angular/src/app/workbenches/process/flow/process-flow-legacy-adapter.ts"
"suspected-dead","9351",".process-main-diag .pf-wrap, .process-main-diag .ptf-wrap, .process-main-diag .ps-wrap","process-main-diag pf-wrap ptf-wrap ps-wrap",""
"suspected-dead","9356",".process-diagram-stack","process-diagram-stack",""
"suspected-dead","9364",".process-diagram-panel","process-diagram-panel",""
"still-used","9371",".process-diagram-panel.collapsed","process-diagram-panel collapsed","frontend-angular/src/app/app.spec.ts; frontend-angular/src/app/core/shell/sidebar/sidebar-directory.component.html; frontend-angular/src/app/core/shell/sidebar/sidebar-directory.component.scss"
"suspected-dead","9374",".process-panel-header","process-panel-header",""
"suspected-dead","9380",".process-panel-header-title","process-panel-header-title",""
"suspected-dead","9385",".process-panel-toggle","process-panel-toggle",""
"suspected-dead","9394",".process-panel-toggle:hover","process-panel-toggle",""
"still-used","9397",".process-flow-routing-editor .section-toolbar","process-flow-routing-editor section-toolbar","frontend-angular/src/app/workbenches/process/shell/process-workbench-shell.component.scss"
"still-used","9400",".process-flow-routing-editor .section-actions","process-flow-routing-editor section-actions","frontend-angular/src/app/workbenches/process/editor/process-editor-workbench.component.html"
"suspected-dead","9404",".process-flow-routing-editor","process-flow-routing-editor",""
"suspected-dead","9407",".flow-routing-hint","flow-routing-hint",""
"suspected-dead","9413",".flow-validation","flow-validation",""
"suspected-dead","9425",".flow-routing-grid","flow-routing-grid",""
"suspected-dead","9431",".flow-routing-column","flow-routing-column",""
"suspected-dead","9439",".flow-routing-column:last-child","flow-routing-column",""
"suspected-dead","9443",".flow-routing-column h5","flow-routing-column",""
"still-used","9448",".flow-routing-row, .flow-edge-row","flow-routing-row flow-edge-row","frontend-angular/src/app/workbenches/process/editor/process-editor-workbench.component.scss; frontend-angular/src/app/workbenches/process/shell/process-workbench-shell.component.scss"
"still-used","9460",".flow-edge-row","flow-edge-row","frontend-angular/src/app/workbenches/process/editor/process-editor-workbench.component.scss; frontend-angular/src/app/workbenches/process/shell/process-workbench-shell.component.scss"
"suspected-dead","9463",".flow-node-row","flow-node-row",""
"still-used","9466",".flow-routing-row .flow-id-input, .flow-edge-row .flow-id-input","flow-routing-row flow-id-input flow-edge-row","frontend-angular/src/app/workbenches/process/editor/process-editor-workbench.component.scss; frontend-angular/src/app/workbenches/process/shell/process-workbench-shell.component.scss"
"still-used","9472",".flow-row-actions .flow-enter-action","flow-row-actions flow-enter-action","frontend-angular/src/app/workbenches/process/editor/process-editor-workbench.component.scss; frontend-angular/src/app/workbenches/process/shell/process-workbench-shell.component.scss"
"still-used","9478",".flow-row-actions .flow-enter-action:hover","flow-row-actions flow-enter-action","frontend-angular/src/app/workbenches/process/editor/process-editor-workbench.component.scss; frontend-angular/src/app/workbenches/process/shell/process-workbench-shell.component.scss"
"suspected-dead","9481",".flow-node-role","flow-node-role",""
"suspected-dead","9488",".flow-node-role-picker","flow-node-role-picker",""
"suspected-dead","9492",".flow-node-role-trigger","flow-node-role-trigger",""
"suspected-dead","9508",".flow-node-role-trigger span","flow-node-role-trigger",""
"suspected-dead","9514",".flow-node-role-trigger b","flow-node-role-trigger",""
"still-used","9519",".flow-node-role-picker.has-value .flow-node-role-trigger","flow-node-role-picker has-value flow-node-role-trigger","frontend-angular/src/app/workbenches/process/flow/process-flow-workbench.component.html"
"suspected-dead","9525",".flow-node-role-picker.is-open .flow-node-role-trigger","flow-node-role-picker is-open flow-node-role-trigger",""
"suspected-dead","9529",".flow-node-role-menu","flow-node-role-menu",""
"suspected-dead","9543",".flow-node-role-menu-head","flow-node-role-menu-head",""
"suspected-dead","9549",".flow-node-role-option","flow-node-role-option",""
"suspected-dead","9560",".flow-node-role-option:hover","flow-node-role-option",""
"suspected-dead","9563",".flow-node-role-option input","flow-node-role-option",""
"suspected-dead","9568",".flow-node-role-option input:checked + span","flow-node-role-option",""
"suspected-dead","9572",".flow-node-role-empty","flow-node-role-empty",""
"suspected-dead","9577",".flow-node-role-menu-footer","flow-node-role-menu-footer",""
"suspected-dead","9584",".flow-node-role-menu-footer button","flow-node-role-menu-footer",""
"still-used","9594",".flow-row-actions","flow-row-actions","frontend-angular/src/app/workbenches/process/editor/process-editor-workbench.component.scss; frontend-angular/src/app/workbenches/process/shell/process-workbench-shell.component.scss"
"still-used","9600",".flow-row-actions button","flow-row-actions","frontend-angular/src/app/workbenches/process/editor/process-editor-workbench.component.scss; frontend-angular/src/app/workbenches/process/shell/process-workbench-shell.component.scss"
"still-used","9611",".flow-row-actions button:disabled","flow-row-actions","frontend-angular/src/app/workbenches/process/editor/process-editor-workbench.component.scss; frontend-angular/src/app/workbenches/process/shell/process-workbench-shell.component.scss"
"still-used","9615",".flow-row-actions button:hover:not(:disabled)","flow-row-actions","frontend-angular/src/app/workbenches/process/editor/process-editor-workbench.component.scss; frontend-angular/src/app/workbenches/process/shell/process-workbench-shell.component.scss"
"still-used","9618",".flow-routing-row input, .flow-routing-row select, .flow-edge-row input, .flow-edge-row select","flow-routing-row flow-edge-row","frontend-angular/src/app/workbenches/process/editor/process-editor-workbench.component.scss; frontend-angular/src/app/workbenches/process/shell/process-workbench-shell.component.scss"
"suspected-dead","9626",".flow-edge-arrow","flow-edge-arrow",""
"still-used","9630",".process-diagram-panel.collapsed .process-main-diag","process-diagram-panel collapsed process-main-diag","frontend-angular/src/app/app.spec.ts; frontend-angular/src/app/core/shell/sidebar/sidebar-directory.component.html; frontend-angular/src/app/core/shell/sidebar/sidebar-directory.component.scss"
"suspected-dead","9633",".process-diagram-panel-title","process-diagram-panel-title",""
"suspected-dead","9639",".process-diagram-stack .process-main-diag","process-diagram-stack process-main-diag",""
"suspected-dead","9645",".process-context-main-diag","process-context-main-diag",""
"suspected-dead","9650",".process-context-diag .pf-wrap","process-context-diag pf-wrap",""
"still-used","9653",".process-flow-view.is-swimlane","process-flow-view is-swimlane","frontend-angular/src/app/workbenches/process/editor/process-editor-workbench.component.scss; frontend-angular/src/app/workbenches/process/editor/process-editor-workbench.component.ts; frontend-angular/src/app/workbenches/process/flow/process-flow-workbench.component.html"
"still-used","9657",".process-flow-view.is-swimlane .process-flow-card","process-flow-view is-swimlane process-flow-card","frontend-angular/src/app/workbenches/process/editor/process-editor-workbench.component.scss; frontend-angular/src/app/workbenches/process/editor/process-editor-workbench.component.ts; frontend-angular/src/app/workbenches/process/flow/process-flow-workbench.component.html"
"still-used","9662",".process-flow-view.is-swimlane .process-diagram-stack","process-flow-view is-swimlane process-diagram-stack","frontend-angular/src/app/workbenches/process/editor/process-editor-workbench.component.scss; frontend-angular/src/app/workbenches/process/editor/process-editor-workbench.component.ts; frontend-angular/src/app/workbenches/process/flow/process-flow-workbench.component.html"
"still-used","9667",".process-flow-view.is-swimlane .process-diagram-panel","process-flow-view is-swimlane process-diagram-panel","frontend-angular/src/app/workbenches/process/editor/process-editor-workbench.component.scss; frontend-angular/src/app/workbenches/process/editor/process-editor-workbench.component.ts; frontend-angular/src/app/workbenches/process/flow/process-flow-workbench.component.html"
"still-used","9672",".process-flow-view.is-swimlane .process-main-diag","process-flow-view is-swimlane process-main-diag","frontend-angular/src/app/workbenches/process/editor/process-editor-workbench.component.scss; frontend-angular/src/app/workbenches/process/editor/process-editor-workbench.component.ts; frontend-angular/src/app/workbenches/process/flow/process-flow-workbench.component.html"
"still-used","9677",".process-flow-view.is-swimlane .process-main-diag .live-diagram","process-flow-view is-swimlane process-main-diag live-diagram","frontend-angular/src/app/workbenches/component/entity-design/entity-design-workbench.component.html; frontend-angular/src/app/workbenches/process/editor/process-editor-workbench.component.scss; frontend-angular/src/app/workbenches/process/editor/process-editor-workbench.component.ts"
"still-used","9683",".process-flow-view.is-swimlane [data-testid=""process-context-flow""], .process-flow-view.is-swimlane.is-tasklevel-collapsed [data-testid=""process-context-flow""]","process-flow-view is-swimlane is-tasklevel-collapsed","frontend-angular/src/app/workbenches/process/editor/process-editor-workbench.component.scss; frontend-angular/src/app/workbenches/process/editor/process-editor-workbench.component.ts; frontend-angular/src/app/workbenches/process/flow/process-flow-workbench.component.html"
"still-used","9688",".process-flow-view.is-swimlane.is-tasklevel-collapsed [data-testid=""process-tasklevel-flow""].collapsed","process-flow-view is-swimlane is-tasklevel-collapsed collapsed","frontend-angular/src/app/app.spec.ts; frontend-angular/src/app/core/shell/sidebar/sidebar-directory.component.html; frontend-angular/src/app/core/shell/sidebar/sidebar-directory.component.scss"
"still-used","9691",".process-flow-view.is-swimlane.is-tasklevel-collapsed .process-context-main-diag","process-flow-view is-swimlane is-tasklevel-collapsed process-context-main-diag","frontend-angular/src/app/workbenches/process/editor/process-editor-workbench.component.scss; frontend-angular/src/app/workbenches/process/editor/process-editor-workbench.component.ts; frontend-angular/src/app/workbenches/process/flow/process-flow-workbench.component.html"
"still-used","9694",".process-flow-view.is-swimlane.has-tasklevel","process-flow-view is-swimlane has-tasklevel","frontend-angular/src/app/workbenches/process/editor/process-editor-workbench.component.scss; frontend-angular/src/app/workbenches/process/editor/process-editor-workbench.component.ts; frontend-angular/src/app/workbenches/process/flow/process-flow-workbench.component.html"
"still-used","9697",".process-flow-view.is-swimlane.has-tasklevel .process-flow-card","process-flow-view is-swimlane has-tasklevel process-flow-card","frontend-angular/src/app/workbenches/process/editor/process-editor-workbench.component.scss; frontend-angular/src/app/workbenches/process/editor/process-editor-workbench.component.ts; frontend-angular/src/app/workbenches/process/flow/process-flow-workbench.component.html"
"still-used","9702",".process-flow-view.is-swimlane.has-tasklevel .process-diagram-stack, .process-flow-view.is-swimlane.has-tasklevel .process-diagram-panel, .process-flow-view.is-swimlane.has-tasklevel .process-main-diag","process-flow-view is-swimlane has-tasklevel process-diagram-stack process-diagram-panel process-main-diag","frontend-angular/src/app/workbenches/process/editor/process-editor-workbench.component.scss; frontend-angular/src/app/workbenches/process/editor/process-editor-workbench.component.ts; frontend-angular/src/app/workbenches/process/flow/process-flow-workbench.component.html"
"still-used","9708",".process-flow-view.is-swimlane.has-tasklevel .process-main-diag .live-diagram","process-flow-view is-swimlane has-tasklevel process-main-diag live-diagram","frontend-angular/src/app/workbenches/component/entity-design/entity-design-workbench.component.html; frontend-angular/src/app/workbenches/process/editor/process-editor-workbench.component.scss; frontend-angular/src/app/workbenches/process/editor/process-editor-workbench.component.ts"
"still-used","9713",".process-flow-view.is-swimlane.has-tasklevel [data-testid=""process-context-flow""], .process-flow-view.is-swimlane.has-tasklevel [data-testid=""process-tasklevel-flow""]","process-flow-view is-swimlane has-tasklevel","frontend-angular/src/app/workbenches/process/editor/process-editor-workbench.component.scss; frontend-angular/src/app/workbenches/process/editor/process-editor-workbench.component.ts; frontend-angular/src/app/workbenches/process/flow/process-flow-workbench.component.html"
"still-used","9717",".manual-shell #sidebar, .manual-shell #sb-toggle-wrap","manual-shell sidebar sb-toggle-wrap","frontend-angular/src/app/app.spec.ts; frontend-angular/src/app/core/runtime/angular-runtime.ts; frontend-angular/src/app/core/shell/sidebar/sidebar-directory.component.html"
"still-used","9721",".manual-shell #tab-bar","manual-shell tab-bar","frontend-angular/src/app/app.spec.ts; frontend-angular/src/app/core/shell/history/history-dialog.component.html; frontend-angular/src/app/core/shell/history/history-dialog.component.scss"
"still-used","9724",".manual-shell #content","manual-shell content","frontend-angular/src/app/app.spec.ts; frontend-angular/src/app/core/api/api.service.ts; frontend-angular/src/app/core/shell/history/history-dialog.component.scss"
"still-used","9727",".tbar-dd","tbar-dd","frontend-angular/src/app/legacy-shell/legacy-shell.component.html; frontend-angular/src/app/legacy-shell/legacy-shell.component.ts"
"still-used","9735",".tbar-dd-btn","tbar-dd-btn","frontend-angular/src/app/legacy-shell/legacy-shell.component.html"
"still-used","9738",".tbar-dd-menu","tbar-dd-menu","frontend-angular/src/app/legacy-shell/legacy-shell.component.html"
"still-used","9751",".tbar-dd-menu.hidden","tbar-dd-menu hidden","frontend-angular/src/app/core/shell/history/history-dialog.component.scss; frontend-angular/src/app/core/shell/notification/shell-notification.component.html; frontend-angular/src/app/core/shell/sidebar/sidebar-directory.component.scss"
"still-used","9752",".tbar-dd-item","tbar-dd-item","frontend-angular/src/app/legacy-shell/legacy-shell.component.html"
"still-used","9764",".tbar-dd-item:hover","tbar-dd-item","frontend-angular/src/app/legacy-shell/legacy-shell.component.html"
"still-used","9765",".tbar-dd-primary","tbar-dd-primary","frontend-angular/src/app/legacy-shell/legacy-shell.component.html"
"still-used","9766",".tbar-dd-danger","tbar-dd-danger","frontend-angular/src/app/legacy-shell/legacy-shell.component.html"
"still-used","9767",".tbar-dd-sep","tbar-dd-sep","frontend-angular/src/app/legacy-shell/legacy-shell.component.html"
"suspected-dead","9772",".ai-modal","ai-modal",""
"suspected-dead","9781",".ai-header","ai-header",""
"suspected-dead","9788",".ai-header h3","ai-header",""
"suspected-dead","9789",".ai-header-actions","ai-header-actions",""
"suspected-dead","9795",".ai-workspace-label","ai-workspace-label",""
"suspected-dead","9802",".ai-messages","ai-messages",""
"suspected-dead","9812",".ai-welcome","ai-welcome",""
"suspected-dead","9819",".ai-msg","ai-msg",""
"suspected-dead","9827",".ai-msg-user","ai-msg-user",""
"suspected-dead","9832",".ai-msg-ai","ai-msg-ai",""
"suspected-dead","9837",".ai-msg-system","ai-msg-system",""
"suspected-dead","9843",".ai-input-row","ai-input-row",""
"suspected-dead","9849",".ai-input","ai-input",""
"suspected-dead","9857",".ai-input:focus","ai-input",""
"suspected-dead","9858",".ai-drawer","ai-drawer",""
"still-used","9861",".ai-drawer.hidden","ai-drawer hidden","frontend-angular/src/app/core/shell/history/history-dialog.component.scss; frontend-angular/src/app/core/shell/notification/shell-notification.component.html; frontend-angular/src/app/core/shell/sidebar/sidebar-directory.component.scss"
"suspected-dead","9862",".ai-drawer-handle","ai-drawer-handle",""
"suspected-dead","9863",".ai-drawer-handle:hover","ai-drawer-handle",""
"suspected-dead","9864",".ai-drawer-handle::after","ai-drawer-handle",""
"suspected-dead","9865",".ai-drawer-header","ai-drawer-header",""
"suspected-dead","9867",".ai-drawer-title","ai-drawer-title",""
"suspected-dead","9868",".ai-session-select","ai-session-select",""
"suspected-dead","9869",".ai-drawer-ws","ai-drawer-ws",""
"suspected-dead","9870",".ai-drawer-close","ai-drawer-close",""
"suspected-dead","9871",".ai-body","ai-body",""
"suspected-dead","9873",".ai-msg","ai-msg",""
"suspected-dead","9875",".ai-msg-user","ai-msg-user",""
"suspected-dead","9876",".ai-msg-assistant","ai-msg-assistant",""
"suspected-dead","9877",".ai-msg-assistant p","ai-msg-assistant",""
"suspected-dead","9878",".ai-msg-assistant ul,.ai-msg-assistant ol","ai-msg-assistant",""
"suspected-dead","9878",".ai-msg-assistant code","ai-msg-assistant",""
"suspected-dead","9879",".ai-msg-assistant pre","ai-msg-assistant",""
"suspected-dead","9880",".ai-msg-system","ai-msg-system",""
"suspected-dead","9881",".ai-welcome","ai-welcome",""
"suspected-dead","9883",".ai-honesty-note","ai-honesty-note",""
"suspected-dead","9884",".ai-input-row","ai-input-row",""
"suspected-dead","9886",".ai-input","ai-input",""
"suspected-dead","9887",".ai-input:focus","ai-input",""
"suspected-dead","9888",".ai-send-btn,.ai-stop-btn","ai-send-btn ai-stop-btn",""
"suspected-dead","9889",".ai-send-btn","ai-send-btn",""
"suspected-dead","9890",".ai-send-btn:hover","ai-send-btn",""
"suspected-dead","9890",".ai-stop-btn","ai-stop-btn",""
"suspected-dead","9891",".ai-tool","ai-tool",""
"suspected-dead","9893",".ai-tool-head","ai-tool-head",""
"suspected-dead","9894",".ai-tool-head:hover","ai-tool-head",""
"suspected-dead","9895",".ai-tool-status","ai-tool-status",""
"still-used","9896",".ai-tool-status.running","ai-tool-status running","frontend-angular/src/app/core/shell/wait-dialog/wait-dialog.component.ts"
"still-used","9897",".ai-tool-status.done","ai-tool-status done","frontend-angular/src/app/workbenches/process/editor/process-editor-workbench.component.html; frontend-angular/src/app/workbenches/process/editor/process-editor-workbench.component.ts"
"still-used","9898",".ai-tool-status.failed","ai-tool-status failed","frontend-angular/src/app/core/api/api.service.ts"
"suspected-dead","9898",".ai-tool-name","ai-tool-name",""
"suspected-dead","9899",".ai-tool-arrow","ai-tool-arrow",""
"suspected-dead","9900",".ai-tool-body","ai-tool-body",""
"suspected-dead","9901",".ai-tool-args pre","ai-tool-args",""
"suspected-dead","9902",".ai-tool-output","ai-tool-output",""
"suspected-dead","9903",".ai-approval-overlay","ai-approval-overlay",""
"suspected-dead","9905",".ai-approval-card","ai-approval-card",""
"suspected-dead","9906",".ai-approval-card h4","ai-approval-card",""
"suspected-dead","9907",".ai-approval-card p","ai-approval-card",""
"suspected-dead","9908",".ai-approval-btns","ai-approval-btns",""
"suspected-dead","9909",".ai-approval-allow,.ai-approval-deny","ai-approval-allow ai-approval-deny",""
"suspected-dead","9910",".ai-approval-allow","ai-approval-allow",""
"suspected-dead","9911",".ai-approval-deny","ai-approval-deny",""
"suspected-dead","9912",".ai-status","ai-status",""
"still-used","9913",".hidden","hidden","frontend-angular/src/app/core/shell/history/history-dialog.component.scss; frontend-angular/src/app/core/shell/notification/shell-notification.component.html; frontend-angular/src/app/core/shell/sidebar/sidebar-directory.component.scss"
"still-used","9914",".process-flow-view","process-flow-view","frontend-angular/src/app/workbenches/process/editor/process-editor-workbench.component.scss; frontend-angular/src/app/workbenches/process/editor/process-editor-workbench.component.ts; frontend-angular/src/app/workbenches/process/flow/process-flow-workbench.component.html"
"still-used","9920",".process-flow-frame","process-flow-frame","frontend-angular/src/app/workbenches/process/flow/process-flow-workbench.component.html"
"still-used","9926",".process-flow-topbar","process-flow-topbar","frontend-angular/src/app/workbenches/process/flow/process-flow-workbench.component.html"
"still-used","9939",".stage-select, .process-select","stage-select process-select","frontend-angular/src/app/workbenches/process/flow/process-flow-workbench.component.html; frontend-angular/src/app/workbenches/process/stage/process-stage-workbench.component.html"
"still-used","9952",".select-field","select-field","frontend-angular/src/app/workbenches/process/flow/process-flow-workbench.component.html"
"still-used","9956",".process-attachment-drawer input[type=""file""]","process-attachment-drawer","frontend-angular/src/app/workbenches/process/flow/process-flow-workbench.component.html"
"still-used","9964",".process-flow-body","process-flow-body","frontend-angular/src/app/workbenches/process/flow/process-flow-workbench.component.html"
"still-used","9970",".attachment-add-button","attachment-add-button","frontend-angular/src/app/workbenches/process/flow/process-flow-workbench.component.html"
"still-used","9985",".compact-field","compact-field","frontend-angular/src/app/workbenches/process/flow/process-flow-workbench.component.html"
"still-used","9992",".compact-field span, .flow-inline-panel span","compact-field flow-inline-panel","frontend-angular/src/app/workbenches/process/flow/process-flow-workbench.component.html"
"still-used","9999",".compact-field input, .flow-inline-panel input, .flow-inline-panel select, .flow-edge-panel input, .flow-edge-panel select","compact-field flow-inline-panel flow-edge-panel","frontend-angular/src/app/workbenches/process/flow/process-flow-workbench.component.html"
"still-used","10014",".flow-inline-panel select[multiple]","flow-inline-panel","frontend-angular/src/app/workbenches/process/flow/process-flow-workbench.component.html"
"still-used","10015",".process-flow-canvas-shell","process-flow-canvas-shell","frontend-angular/src/app/workbenches/process/flow/process-flow-workbench.component.html"
"still-used","10028",".process-flow-canvas-shell::-webkit-scrollbar","process-flow-canvas-shell","frontend-angular/src/app/workbenches/process/flow/process-flow-workbench.component.html"
"still-used","10033",".process-flow-canvas-shell::-webkit-scrollbar-thumb","process-flow-canvas-shell","frontend-angular/src/app/workbenches/process/flow/process-flow-workbench.component.html"
"still-used","10038",".process-flow-canvas","process-flow-canvas","frontend-angular/src/app/workbenches/process/flow/process-flow-workbench.component.html"
"still-used","10050",".process-flow-side-tools","process-flow-side-tools","frontend-angular/src/app/workbenches/process/flow/process-flow-workbench.component.html"
"still-used","10065",".process-flow-side-tools button","process-flow-side-tools","frontend-angular/src/app/workbenches/process/flow/process-flow-workbench.component.html"
"still-used","10081",".process-flow-side-tools button span","process-flow-side-tools","frontend-angular/src/app/workbenches/process/flow/process-flow-workbench.component.html"
"still-used","10089",".tool-file-icon","tool-file-icon","frontend-angular/src/app/workbenches/process/flow/process-flow-workbench.component.html"
"still-used","10098",".tool-file-icon::before","tool-file-icon","frontend-angular/src/app/workbenches/process/flow/process-flow-workbench.component.html"
"still-used","10111",".process-flow-side-tools .danger","process-flow-side-tools danger","frontend-angular/src/app/core/shell/history/history-dialog.component.html; frontend-angular/src/app/core/shell/history/history-dialog.component.scss; frontend-angular/src/app/legacy-shell/legacy-shell.component.html"
"still-used","10115",".flow-lane","flow-lane","frontend-angular/src/app/workbenches/process/flow/process-flow-workbench.component.html"
"still-used","10123",".flow-lane-title","flow-lane-title","frontend-angular/src/app/workbenches/process/flow/process-flow-workbench.component.html"
"still-used","10140",".flow-lane-title::before","flow-lane-title","frontend-angular/src/app/workbenches/process/flow/process-flow-workbench.component.html"
"still-used","10152",".shared-badge","shared-badge","frontend-angular/src/app/workbenches/process/flow/process-flow-workbench.component.html"
"still-used","10167",".flow-edges","flow-edges","frontend-angular/src/app/workbenches/process/flow/process-flow-workbench.component.html"
"still-used","10173",".flow-edge","flow-edge","frontend-angular/src/app/workbenches/process/editor/process-editor-workbench.component.scss; frontend-angular/src/app/workbenches/process/flow/process-flow-workbench.component.html; frontend-angular/src/app/workbenches/process/shell/process-workbench-shell.component.scss"
"still-used","10181",".flow-edge-hit","flow-edge-hit","frontend-angular/src/app/workbenches/process/flow/process-flow-workbench.component.html"
"still-used","10183",".flow-edge.preview","flow-edge preview","frontend-angular/src/app/app.routes.ts; frontend-angular/src/app/core/runtime/angular-runtime.ts; frontend-angular/src/app/core/shell/routing/main-workbench-route.ts"
"still-used","10184",".flow-edge.active","flow-edge active","frontend-angular/src/app/app.spec.ts; frontend-angular/src/app/core/shell/history/history-dialog.component.html; frontend-angular/src/app/core/shell/history/history-dialog.component.scss"
"still-used","10189",".flow-edges marker path","flow-edges","frontend-angular/src/app/workbenches/process/flow/process-flow-workbench.component.html"
"still-used","10193",".flow-edge-label","flow-edge-label","frontend-angular/src/app/workbenches/process/flow/process-flow-workbench.component.html"
"still-used","10198",".flow-node, .flow-gateway, .flow-terminal","flow-node flow-gateway flow-terminal","frontend-angular/src/app/workbenches/process/flow/process-flow-workbench.component.html; frontend-angular/src/app/workbenches/process/stage/process-stage-workbench.component.html; frontend-angular/src/app/workbenches/process/stage/process-stage-workbench.component.scss"
"still-used","10208",".flow-connect-box","flow-connect-box","frontend-angular/src/app/workbenches/process/flow/process-flow-workbench.component.html"
"still-used","10210",".connect-anchor","connect-anchor","frontend-angular/src/app/workbenches/process/flow/process-flow-workbench.component.html"
"still-used","10211",".flow-node","flow-node","frontend-angular/src/app/workbenches/process/flow/process-flow-workbench.component.html; frontend-angular/src/app/workbenches/process/stage/process-stage-workbench.component.html; frontend-angular/src/app/workbenches/process/stage/process-stage-workbench.component.scss"
"still-used","10223",".flow-node strong, .flow-node small","flow-node","frontend-angular/src/app/workbenches/process/flow/process-flow-workbench.component.html; frontend-angular/src/app/workbenches/process/stage/process-stage-workbench.component.html; frontend-angular/src/app/workbenches/process/stage/process-stage-workbench.component.scss"
"still-used","10230",".flow-node small","flow-node","frontend-angular/src/app/workbenches/process/flow/process-flow-workbench.component.html; frontend-angular/src/app/workbenches/process/stage/process-stage-workbench.component.html; frontend-angular/src/app/workbenches/process/stage/process-stage-workbench.component.scss"
"still-used","10236",".flow-terminal","flow-terminal","frontend-angular/src/app/workbenches/process/flow/process-flow-workbench.component.html"
"still-used","10250",".flow-terminal:not(.is-end)","flow-terminal is-end","frontend-angular/src/app/workbenches/process/editor/process-editor-workbench.component.scss; frontend-angular/src/app/workbenches/process/flow/process-flow-workbench.component.html"
"still-used","10254",".flow-terminal::before","flow-terminal","frontend-angular/src/app/workbenches/process/flow/process-flow-workbench.component.html"
"still-used","10262",".flow-terminal.is-end::before","flow-terminal is-end","frontend-angular/src/app/workbenches/process/editor/process-editor-workbench.component.scss; frontend-angular/src/app/workbenches/process/flow/process-flow-workbench.component.html"
"still-used","10266",".flow-gateway","flow-gateway","frontend-angular/src/app/workbenches/process/flow/process-flow-workbench.component.html"
"still-used","10280",".flow-gateway::before","flow-gateway","frontend-angular/src/app/workbenches/process/flow/process-flow-workbench.component.html"
"still-used","10294",".flow-gateway::after","flow-gateway","frontend-angular/src/app/workbenches/process/flow/process-flow-workbench.component.html"
"still-used","10305",".flow-gateway span","flow-gateway","frontend-angular/src/app/workbenches/process/flow/process-flow-workbench.component.html"
"still-used","10318",".flow-node.active, .flow-gateway.active, .flow-terminal.active, .flow-node.connecting, .flow-gateway.connecting, .flow-terminal.connecting","flow-node active flow-gateway flow-terminal connecting","frontend-angular/src/app/app.spec.ts; frontend-angular/src/app/core/shell/history/history-dialog.component.html; frontend-angular/src/app/core/shell/history/history-dialog.component.scss"
"still-used","10328",".flow-inline-panel, .flow-edge-panel","flow-inline-panel flow-edge-panel","frontend-angular/src/app/workbenches/process/flow/process-flow-workbench.component.html"
"still-used","10342",".flow-inline-panel label","flow-inline-panel","frontend-angular/src/app/workbenches/process/flow/process-flow-workbench.component.html"
"still-used","10347",".flow-role-combo","flow-role-combo","frontend-angular/src/app/workbenches/process/flow/process-flow-workbench.component.html"
"still-used","10351",".flow-role-trigger","flow-role-trigger","frontend-angular/src/app/workbenches/process/flow/process-flow-workbench.component.html"
"still-used","10367",".flow-role-trigger.has-value","flow-role-trigger has-value","frontend-angular/src/app/workbenches/process/flow/process-flow-workbench.component.html"
"still-used","10372",".flow-role-trigger span","flow-role-trigger","frontend-angular/src/app/workbenches/process/flow/process-flow-workbench.component.html"
"still-used","10378",".flow-role-trigger b","flow-role-trigger","frontend-angular/src/app/workbenches/process/flow/process-flow-workbench.component.html"
"still-used","10383",".flow-role-menu","flow-role-menu","frontend-angular/src/app/workbenches/process/flow/process-flow-workbench.component.html"
"still-used","10401",".flow-role-menu::-webkit-scrollbar","flow-role-menu","frontend-angular/src/app/workbenches/process/flow/process-flow-workbench.component.html"
"still-used","10405",".flow-role-menu::-webkit-scrollbar-thumb","flow-role-menu","frontend-angular/src/app/workbenches/process/flow/process-flow-workbench.component.html"
"still-used","10411",".flow-role-menu strong","flow-role-menu","frontend-angular/src/app/workbenches/process/flow/process-flow-workbench.component.html"
"still-used","10416",".flow-role-option","flow-role-option","frontend-angular/src/app/workbenches/process/flow/process-flow-workbench.component.html"
"still-used","10426",".flow-role-option input","flow-role-option","frontend-angular/src/app/workbenches/process/flow/process-flow-workbench.component.html"
"still-used","10432",".flow-role-menu-footer","flow-role-menu-footer","frontend-angular/src/app/workbenches/process/flow/process-flow-workbench.component.html"
"still-used","10439",".flow-role-menu-footer button","flow-role-menu-footer","frontend-angular/src/app/workbenches/process/flow/process-flow-workbench.component.html"
"still-used","10451",".inline-panel-actions","inline-panel-actions","frontend-angular/src/app/workbenches/process/flow/process-flow-workbench.component.html"
"still-used","10457",".inline-panel-actions button","inline-panel-actions","frontend-angular/src/app/workbenches/process/flow/process-flow-workbench.component.html"
"still-used","10469",".flow-edge-panel","flow-edge-panel","frontend-angular/src/app/workbenches/process/flow/process-flow-workbench.component.html"
"still-used","10477",".flow-edge-panel input","flow-edge-panel","frontend-angular/src/app/workbenches/process/flow/process-flow-workbench.component.html"
"still-used","10481",".process-attachment-drawer","process-attachment-drawer","frontend-angular/src/app/workbenches/process/flow/process-flow-workbench.component.html"
"still-used","10494",".process-attachment-drawer","process-attachment-drawer","frontend-angular/src/app/workbenches/process/flow/process-flow-workbench.component.html"
"still-used","10503",".attachment-panel-head","attachment-panel-head","frontend-angular/src/app/workbenches/process/flow/process-flow-workbench.component.html"
"still-used","10510",".attachment-panel-head strong","attachment-panel-head","frontend-angular/src/app/workbenches/process/flow/process-flow-workbench.component.html"
"still-used","10514",".attachment-panel-head span","attachment-panel-head","frontend-angular/src/app/workbenches/process/flow/process-flow-workbench.component.html"
"still-used","10523",".attachment-panel-head button","attachment-panel-head","frontend-angular/src/app/workbenches/process/flow/process-flow-workbench.component.html"
"still-used","10532",".attachment-list","attachment-list","frontend-angular/src/app/workbenches/process/flow/process-flow-workbench.component.html"
"still-used","10538",".attachment-card","attachment-card","frontend-angular/src/app/workbenches/process/flow/process-flow-workbench.component.html"
"still-used","10549",".attachment-card-meta","attachment-card-meta","frontend-angular/src/app/workbenches/process/flow/process-flow-workbench.component.html"
"still-used","10555",".attachment-card-meta strong","attachment-card-meta","frontend-angular/src/app/workbenches/process/flow/process-flow-workbench.component.html"
"still-used","10564",".attachment-card-meta span","attachment-card-meta","frontend-angular/src/app/workbenches/process/flow/process-flow-workbench.component.html"
"still-used","10572",".attachment-card-meta small, .attachment-empty","attachment-card-meta attachment-empty","frontend-angular/src/app/workbenches/process/flow/process-flow-workbench.component.html"
"still-used","10578",".attachment-card-actions","attachment-card-actions","frontend-angular/src/app/workbenches/process/flow/process-flow-workbench.component.html"
"still-used","10585",".attachment-card-actions button, .attachment-version-item button","attachment-card-actions attachment-version-item","frontend-angular/src/app/workbenches/process/flow/process-flow-workbench.component.html"
"still-used","10597",".attachment-version-list","attachment-version-list","frontend-angular/src/app/workbenches/process/flow/process-flow-workbench.component.html"
"still-used","10599",".attachment-version-item","attachment-version-item","frontend-angular/src/app/workbenches/process/flow/process-flow-workbench.component.html"
"still-used","10600",".process-editor-shell .process-flow-actions em","process-editor-shell process-flow-actions","frontend-angular/src/app/workbenches/process/editor/process-editor-workbench.component.scss; frontend-angular/src/app/workbenches/process/shell/process-workbench-shell.component.scss"
"suspected-dead","10613",".node-editor-hero","node-editor-hero",""
"still-used","10625",".node-editor-hero.is-empty","node-editor-hero is-empty","frontend-angular/src/app/workbenches/process/editor/process-editor-workbench.component.html"
"suspected-dead","10630",".node-editor-hero span","node-editor-hero",""
"suspected-dead","10636",".node-editor-hero h3","node-editor-hero",""
"suspected-dead","10646",".node-editor-hero p","node-editor-hero",""
"suspected-dead","10652",".node-editor-metrics","node-editor-metrics",""
"suspected-dead","10658",".node-editor-metrics b","node-editor-metrics",""
"suspected-dead","10670",".node-editor-metrics small","node-editor-metrics",""
"still-used","10676",".process-editor-drawer .process-editor-summary-grid","process-editor-drawer process-editor-summary-grid","frontend-angular/src/app/workbenches/process/editor/process-editor-workbench.component.html; frontend-angular/src/app/workbenches/process/editor/process-editor-workbench.component.scss; frontend-angular/src/app/workbenches/process/shell/process-workbench-shell.component.scss"
"still-used","10687",".process-editor-drawer .process-editor-summary-grid .field-group","process-editor-drawer process-editor-summary-grid field-group","frontend-angular/src/app/workbenches/process/editor/process-editor-workbench.component.html; frontend-angular/src/app/workbenches/process/editor/process-editor-workbench.component.scss; frontend-angular/src/app/workbenches/process/shell/process-workbench-shell.component.scss"
"still-used","10691",".process-editor-drawer .process-editor-summary-grid label","process-editor-drawer process-editor-summary-grid","frontend-angular/src/app/workbenches/process/editor/process-editor-workbench.component.html; frontend-angular/src/app/workbenches/process/editor/process-editor-workbench.component.scss; frontend-angular/src/app/workbenches/process/shell/process-workbench-shell.component.scss"
"still-used","10697",".process-editor-drawer .process-editor-summary-grid input, .process-editor-drawer .process-editor-summary-grid .proc-stage-ref-list","process-editor-drawer process-editor-summary-grid proc-stage-ref-list","frontend-angular/src/app/workbenches/process/editor/process-editor-workbench.component.html; frontend-angular/src/app/workbenches/process/editor/process-editor-workbench.component.scss; frontend-angular/src/app/workbenches/process/shell/process-workbench-shell.component.scss"
"still-used","10705",".process-editor-drawer .process-editor-summary-grid .proc-stage-ref-list","process-editor-drawer process-editor-summary-grid proc-stage-ref-list","frontend-angular/src/app/workbenches/process/editor/process-editor-workbench.component.html; frontend-angular/src/app/workbenches/process/editor/process-editor-workbench.component.scss; frontend-angular/src/app/workbenches/process/shell/process-workbench-shell.component.scss"
"still-used","10709",".process-editor-drawer .process-editor-summary-grid .proc-stage-ref-chip","process-editor-drawer process-editor-summary-grid proc-stage-ref-chip","frontend-angular/src/app/workbenches/process/editor/process-editor-workbench.component.html; frontend-angular/src/app/workbenches/process/editor/process-editor-workbench.component.scss; frontend-angular/src/app/workbenches/process/shell/process-workbench-shell.component.scss"
"still-used","10715",".process-editor-drawer [data-testid=""process-task-lite-panel""]","process-editor-drawer","frontend-angular/src/app/workbenches/process/editor/process-editor-workbench.component.html; frontend-angular/src/app/workbenches/process/editor/process-editor-workbench.component.scss; frontend-angular/src/app/workbenches/process/shell/process-workbench-shell.component.scss"
"still-used","10720",".process-editor-drawer [data-testid=""process-task-lite-panel""] .form-grid","process-editor-drawer form-grid","frontend-angular/src/app/workbenches/process/editor/process-editor-workbench.component.html; frontend-angular/src/app/workbenches/process/editor/process-editor-workbench.component.scss; frontend-angular/src/app/workbenches/process/shell/process-workbench-shell.component.scss"
"still-used","10724",".process-editor-drawer [data-testid=""process-task-lite-panel""] .field-group-wide","process-editor-drawer field-group-wide","frontend-angular/src/app/workbenches/process/editor/process-editor-workbench.component.html; frontend-angular/src/app/workbenches/process/editor/process-editor-workbench.component.scss; frontend-angular/src/app/workbenches/process/shell/process-workbench-shell.component.scss"
"still-used","10728",".process-editor-drawer [data-testid=""process-task-lite-panel""] input","process-editor-drawer","frontend-angular/src/app/workbenches/process/editor/process-editor-workbench.component.html; frontend-angular/src/app/workbenches/process/editor/process-editor-workbench.component.scss; frontend-angular/src/app/workbenches/process/shell/process-workbench-shell.component.scss"
"still-used","10733",".process-editor-drawer .form-section","process-editor-drawer form-section","frontend-angular/src/app/workbenches/process/editor/process-editor-workbench.component.html; frontend-angular/src/app/workbenches/process/editor/process-editor-workbench.component.scss; frontend-angular/src/app/workbenches/process/shell/process-workbench-shell.component.scss"
"still-used","10738",".process-editor-drawer .form-section .section-toolbar","process-editor-drawer form-section section-toolbar","frontend-angular/src/app/workbenches/process/editor/process-editor-workbench.component.html; frontend-angular/src/app/workbenches/process/editor/process-editor-workbench.component.scss; frontend-angular/src/app/workbenches/process/shell/process-workbench-shell.component.scss"
"still-used","10742",".process-editor-drawer .form-section .section-toolbar h4","process-editor-drawer form-section section-toolbar","frontend-angular/src/app/workbenches/process/editor/process-editor-workbench.component.html; frontend-angular/src/app/workbenches/process/editor/process-editor-workbench.component.scss; frontend-angular/src/app/workbenches/process/shell/process-workbench-shell.component.scss"
"still-used","10751",".process-editor-drawer .form-section .section-toolbar h4::before","process-editor-drawer form-section section-toolbar","frontend-angular/src/app/workbenches/process/editor/process-editor-workbench.component.html; frontend-angular/src/app/workbenches/process/editor/process-editor-workbench.component.scss; frontend-angular/src/app/workbenches/process/shell/process-workbench-shell.component.scss"
"still-used","10759",".process-editor-drawer .process-editor-list-grid, .process-editor-drawer .process-editor-routing-grid","process-editor-drawer process-editor-list-grid process-editor-routing-grid","frontend-angular/src/app/workbenches/process/editor/process-editor-workbench.component.html; frontend-angular/src/app/workbenches/process/editor/process-editor-workbench.component.scss; frontend-angular/src/app/workbenches/process/shell/process-workbench-shell.component.scss"
"still-used","10764",".process-editor-drawer .process-editor-compact-row, .process-editor-drawer .process-editor-field-row, .process-editor-drawer .process-editor-entity-row, .process-editor-drawer .process-editor-task-definition-row","process-editor-drawer process-editor-compact-row process-editor-field-row process-editor-entity-row process-editor-task-definition-row","frontend-angular/src/app/workbenches/process/editor/process-editor-workbench.component.html; frontend-angular/src/app/workbenches/process/editor/process-editor-workbench.component.scss; frontend-angular/src/app/workbenches/process/shell/process-workbench-shell.component.scss"
"still-used","10775",".process-editor-drawer .process-editor-compact-row input, .process-editor-drawer .process-editor-field-row input, .process-editor-drawer .process-editor-field-row select, .process-editor-drawer .process-editor-entity-add select, .process-editor-drawer .process-editor-task-definition-row input","process-editor-drawer process-editor-compact-row process-editor-field-row process-editor-entity-add process-editor-task-definition-row","frontend-angular/src/app/workbenches/process/editor/process-editor-workbench.component.html; frontend-angular/src/app/workbenches/process/editor/process-editor-workbench.component.scss; frontend-angular/src/app/workbenches/process/shell/process-workbench-shell.component.scss"
"still-used","10784",".process-editor-drawer .flow-row-actions button","process-editor-drawer flow-row-actions","frontend-angular/src/app/workbenches/process/editor/process-editor-workbench.component.html; frontend-angular/src/app/workbenches/process/editor/process-editor-workbench.component.scss; frontend-angular/src/app/workbenches/process/shell/process-workbench-shell.component.scss"
"still-used","10790",".process-editor-drawer .task-role-checkboxes","process-editor-drawer task-role-checkboxes","frontend-angular/src/app/workbenches/process/editor/process-editor-workbench.component.html; frontend-angular/src/app/workbenches/process/editor/process-editor-workbench.component.scss; frontend-angular/src/app/workbenches/process/shell/process-workbench-shell.component.scss"
"still-used","10798",".process-editor-drawer .task-role-checkboxes label","process-editor-drawer task-role-checkboxes","frontend-angular/src/app/workbenches/process/editor/process-editor-workbench.component.html; frontend-angular/src/app/workbenches/process/editor/process-editor-workbench.component.scss; frontend-angular/src/app/workbenches/process/shell/process-workbench-shell.component.scss"
"still-used","10805",".process-editor-drawer .task-role-checkboxes label:has(input:checked)","process-editor-drawer task-role-checkboxes","frontend-angular/src/app/workbenches/process/editor/process-editor-workbench.component.html; frontend-angular/src/app/workbenches/process/editor/process-editor-workbench.component.scss; frontend-angular/src/app/workbenches/process/shell/process-workbench-shell.component.scss"
"still-used","10811",".node-workbench-page","node-workbench-page","frontend-angular/src/app/workbenches/process/editor/process-editor-workbench.component.html"
"still-used","10822",".node-workbench-page--directory","node-workbench-page--directory","frontend-angular/src/app/workbenches/process/editor/process-editor-workbench.component.html"
"still-used","10826",".node-context-panel, .node-directory-panel, .node-editor-main, .node-editor-aside","node-context-panel node-directory-panel node-editor-main node-editor-aside","frontend-angular/src/app/workbenches/process/editor/process-editor-workbench.component.html"
"still-used","10833",".node-context-panel, .node-directory-panel, .node-editor-main","node-context-panel node-directory-panel node-editor-main","frontend-angular/src/app/workbenches/process/editor/process-editor-workbench.component.html"
"suspected-dead","10843",".node-context-head","node-context-head",""
"still-used","10853",".node-directory-panel","node-directory-panel","frontend-angular/src/app/workbenches/process/editor/process-editor-workbench.component.html"
"suspected-dead","10858",".node-directory-head","node-directory-head",""
"suspected-dead","10868",".node-directory-head div","node-directory-head",""
"suspected-dead","10874",".node-directory-head span","node-directory-head",""
"suspected-dead","10880",".node-directory-head strong","node-directory-head",""
"suspected-dead","10888",".node-directory-head button","node-directory-head",""
"still-used","10900",".node-directory-list","node-directory-list","frontend-angular/src/app/workbenches/process/editor/process-editor-workbench.component.html"
"still-used","10909",".node-directory-list::-webkit-scrollbar","node-directory-list","frontend-angular/src/app/workbenches/process/editor/process-editor-workbench.component.html"
"still-used","10914",".node-directory-list::-webkit-scrollbar-thumb","node-directory-list","frontend-angular/src/app/workbenches/process/editor/process-editor-workbench.component.html"
"still-used","10919",".node-directory-group","node-directory-group","frontend-angular/src/app/workbenches/process/editor/process-editor-workbench.component.html"
"still-used","10924",".node-directory-group h4","node-directory-group","frontend-angular/src/app/workbenches/process/editor/process-editor-workbench.component.html"
"still-used","10935",".node-directory-items","node-directory-items","frontend-angular/src/app/workbenches/process/editor/process-editor-workbench.component.html"
"still-used","10940",".node-directory-item","node-directory-item","frontend-angular/src/app/workbenches/process/editor/process-editor-workbench.component.html"
"still-used","10954",".node-directory-item:hover","node-directory-item","frontend-angular/src/app/workbenches/process/editor/process-editor-workbench.component.html"
"still-used","10959",".node-directory-item.active","node-directory-item active","frontend-angular/src/app/app.spec.ts; frontend-angular/src/app/core/shell/history/history-dialog.component.html; frontend-angular/src/app/core/shell/history/history-dialog.component.scss"
"still-used","10965",".node-directory-item span","node-directory-item","frontend-angular/src/app/workbenches/process/editor/process-editor-workbench.component.html"
"still-used","10978",".node-directory-item b","node-directory-item","frontend-angular/src/app/workbenches/process/editor/process-editor-workbench.component.html"
"still-used","10985",".node-directory-item small","node-directory-item","frontend-angular/src/app/workbenches/process/editor/process-editor-workbench.component.html"
"suspected-dead","10993",".node-context-head div, .node-editor-title div","node-context-head node-editor-title",""
"suspected-dead","11000",".node-context-head span, .node-editor-title span","node-context-head node-editor-title",""
"suspected-dead","11007",".node-context-head strong, .node-editor-title h3","node-context-head node-editor-title",""
"suspected-dead","11018",".node-context-head button, .node-aside-card button","node-context-head node-aside-card",""
"still-used","11031",".node-context-panel .process-editor-main-diag","node-context-panel process-editor-main-diag","frontend-angular/src/app/workbenches/process/editor/process-editor-workbench.component.scss"
"still-used","11037",".node-editor-main","node-editor-main","frontend-angular/src/app/workbenches/process/editor/process-editor-workbench.component.html"
"suspected-dead","11042",".node-editor-title","node-editor-title",""
"suspected-dead","11052",".node-editor-title--compact","node-editor-title--compact",""
"suspected-dead","11057",".node-editor-title--compact p","node-editor-title--compact",""
"suspected-dead","11064",".node-editor-title--compact input","node-editor-title--compact",""
"suspected-dead","11076",".node-title-divider","node-title-divider",""
"suspected-dead","11080",".node-anchor-bar","node-anchor-bar",""
"suspected-dead","11092",".node-anchor-bar a, .node-anchor-bar button","node-anchor-bar",""
"suspected-dead","11109",".node-anchor-bar a:hover, .node-anchor-bar button:hover","node-anchor-bar",""
"suspected-dead","11115",".node-anchor-bar a span, .node-anchor-bar button span","node-anchor-bar",""
"suspected-dead","11127",".node-anchor-compat","node-anchor-compat",""
"suspected-dead","11132",".node-editor-title p","node-editor-title",""
"still-used","11138",".node-editor-scroll","node-editor-scroll","frontend-angular/src/app/workbenches/process/editor/process-editor-workbench.component.html"
"still-used","11148",".node-editor-scroll::-webkit-scrollbar","node-editor-scroll","frontend-angular/src/app/workbenches/process/editor/process-editor-workbench.component.html"
"still-used","11153",".node-editor-scroll::-webkit-scrollbar-thumb","node-editor-scroll","frontend-angular/src/app/workbenches/process/editor/process-editor-workbench.component.html"
"still-used","11158",".node-editor-card, .node-aside-card","node-editor-card node-aside-card","frontend-angular/src/app/workbenches/process/editor/process-editor-workbench.component.html"
"still-used","11165",".node-editor-card","node-editor-card","frontend-angular/src/app/workbenches/process/editor/process-editor-workbench.component.html"
"still-used","11169",".node-section-head","node-section-head","frontend-angular/src/app/workbenches/process/editor/process-editor-workbench.component.html"
"still-used","11177",".node-section-head div","node-section-head","frontend-angular/src/app/workbenches/process/editor/process-editor-workbench.component.html"
"still-used","11183",".node-section-head div > span, .node-step-index, .node-form-head > span, .node-rule-head > span","node-section-head node-step-index node-form-head node-rule-head","frontend-angular/src/app/workbenches/process/editor/process-editor-workbench.component.html"
"still-used","11199",".node-section-head h4","node-section-head","frontend-angular/src/app/workbenches/process/editor/process-editor-workbench.component.html"
"still-used","11205",".node-section-note, .node-empty","node-section-note node-empty","frontend-angular/src/app/workbenches/process/editor/process-editor-workbench.component.html"
"suspected-dead","11212",".node-basic-grid","node-basic-grid",""
"suspected-dead","11218",".node-role-grid","node-role-grid",""
"still-used","11222",".node-basic-grid > label, .node-form-section-head, .node-rule-card, .node-step-row, .node-form-card","node-basic-grid node-form-section-head node-rule-card node-step-row node-form-card","frontend-angular/src/app/workbenches/process/editor/process-editor-workbench.component.html"
"suspected-dead","11232",".node-basic-grid > label","node-basic-grid",""
"suspected-dead","11238",".node-basic-grid > label > span, .node-context-chips > span","node-basic-grid node-context-chips",""
"still-used","11245",".node-basic-grid input, .node-context-chips input, .node-form-head input, .node-form-purpose, .node-form-section-head input, .node-form-section-head select, .node-field-row input, .node-field-row select, .node-rule-head input, .node-rule-card textarea","node-basic-grid node-context-chips node-form-head node-form-purpose node-form-section-head node-field-row node-rule-head node-rule-card","frontend-angular/src/app/workbenches/process/editor/process-editor-workbench.component.html"
"still-used","11265",".node-role-checks","node-role-checks","frontend-angular/src/app/workbenches/process/editor/process-editor-workbench.component.html"
"still-used","11271",".node-role-checks label","node-role-checks","frontend-angular/src/app/workbenches/process/editor/process-editor-workbench.component.html"
"still-used","11284",".node-role-checks input","node-role-checks","frontend-angular/src/app/workbenches/process/editor/process-editor-workbench.component.html"
"suspected-dead","11290",".node-context-chips","node-context-chips",""
"still-used","11298",".node-step-list, .node-form-list, .node-rule-list, .node-form-sections","node-step-list node-form-list node-rule-list node-form-sections","frontend-angular/src/app/workbenches/process/editor/process-editor-workbench.component.html"
"still-used","11306",".node-material-tabs","node-material-tabs","frontend-angular/src/app/workbenches/process/editor/process-editor-workbench.component.html"
"still-used","11312",".node-material-tabs span","node-material-tabs","frontend-angular/src/app/workbenches/process/editor/process-editor-workbench.component.html"
"still-used","11323",".node-material-tabs .active","node-material-tabs active","frontend-angular/src/app/app.spec.ts; frontend-angular/src/app/core/shell/history/history-dialog.component.html; frontend-angular/src/app/core/shell/history/history-dialog.component.scss"
"still-used","11329",".node-sub-section-head","node-sub-section-head","frontend-angular/src/app/workbenches/process/editor/process-editor-workbench.component.html"
"still-used","11334",".node-sub-section-head h4","node-sub-section-head","frontend-angular/src/app/workbenches/process/editor/process-editor-workbench.component.html"
"still-used","11338",".node-attachment-panel","node-attachment-panel","frontend-angular/src/app/workbenches/process/editor/process-editor-workbench.component.html"
"still-used","11348",".node-count-pill","node-count-pill","frontend-angular/src/app/workbenches/process/editor/process-editor-workbench.component.html"
"still-used","11360",".node-step-row, .node-form-head, .node-rule-head","node-step-row node-form-head node-rule-head","frontend-angular/src/app/workbenches/process/editor/process-editor-workbench.component.html"
"still-used","11370",".node-step-row input","node-step-row","frontend-angular/src/app/workbenches/process/editor/process-editor-workbench.component.html"
"still-used","11378",".node-row-actions","node-row-actions","frontend-angular/src/app/workbenches/process/editor/process-editor-workbench.component.html"
"still-used","11384",".node-row-actions button","node-row-actions","frontend-angular/src/app/workbenches/process/editor/process-editor-workbench.component.html"
"still-used","11396",".node-row-actions button:disabled","node-row-actions","frontend-angular/src/app/workbenches/process/editor/process-editor-workbench.component.html"
"suspected-dead","11401",".node-form-card","node-form-card",""
"suspected-dead","11407",".node-form-head","node-form-head",""
"suspected-dead","11414",".node-form-head small","node-form-head",""
"suspected-dead","11419",".node-form-head button, .node-add-field, .node-add-section","node-form-head node-add-field node-add-section",""
"suspected-dead","11431",".node-form-section","node-form-section",""
"suspected-dead","11440",".node-form-section-head","node-form-section-head",""
"suspected-dead","11448",".node-field-table","node-field-table",""
"suspected-dead","11454",".node-field-head, .node-field-row","node-field-head node-field-row",""
"suspected-dead","11463",".node-field-head","node-field-head",""
"suspected-dead","11469",".node-required-check","node-required-check",""
"suspected-dead","11474",".node-required-check input","node-required-check",""
"still-used","11480",".node-rule-card","node-rule-card","frontend-angular/src/app/workbenches/process/editor/process-editor-workbench.component.html"
"still-used","11486",".node-rule-head","node-rule-head","frontend-angular/src/app/workbenches/process/editor/process-editor-workbench.component.html"
"still-used","11492",".node-rule-card textarea","node-rule-card","frontend-angular/src/app/workbenches/process/editor/process-editor-workbench.component.html"
"suspected-dead","11499",".node-advanced-card details","node-advanced-card",""
"suspected-dead","11504",".node-advanced-card summary","node-advanced-card",""
"suspected-dead","11511",".node-advanced-grid","node-advanced-grid",""
"suspected-dead","11518",".node-advanced-grid > div","node-advanced-grid",""
"suspected-dead","11527",".node-advanced-grid h4","node-advanced-grid",""
"suspected-dead","11532",".node-editor-aside","node-editor-aside",""
"suspected-dead","11538",".node-aside-card","node-aside-card",""
"suspected-dead","11544",".node-aside-card strong","node-aside-card",""
"suspected-dead","11549",".node-aside-card span","node-aside-card",""
"still-used","11554",".node-workbench-empty","node-workbench-empty","frontend-angular/src/app/workbenches/process/editor/process-editor-workbench.component.html"
"still-used","11563",".node-workbench-empty h3","node-workbench-empty","frontend-angular/src/app/workbenches/process/editor/process-editor-workbench.component.html"
"still-used","11568",".node-workbench-page--directory","node-workbench-page--directory","frontend-angular/src/app/workbenches/process/editor/process-editor-workbench.component.html"
"still-used","11575",".node-directory-panel","node-directory-panel","frontend-angular/src/app/workbenches/process/editor/process-editor-workbench.component.html"
"still-used","11580",".node-directory-filter","node-directory-filter","frontend-angular/src/app/workbenches/process/editor/process-editor-workbench.component.html"
"still-used","11588",".node-directory-filter label","node-directory-filter","frontend-angular/src/app/workbenches/process/editor/process-editor-workbench.component.html"
"still-used","11593",".node-directory-filter span","node-directory-filter","frontend-angular/src/app/workbenches/process/editor/process-editor-workbench.component.html"
"still-used","11599",".node-directory-filter select","node-directory-filter","frontend-angular/src/app/workbenches/process/editor/process-editor-workbench.component.html"
"suspected-dead","11610",".node-directory-head","node-directory-head",""
"still-used","11614",".node-directory-head strong, .node-directory-group h4","node-directory-head node-directory-group","frontend-angular/src/app/workbenches/process/editor/process-editor-workbench.component.html"
"still-used","11620",".node-directory-item","node-directory-item","frontend-angular/src/app/workbenches/process/editor/process-editor-workbench.component.html"
"still-used","11626",".node-directory-item b","node-directory-item","frontend-angular/src/app/workbenches/process/editor/process-editor-workbench.component.html"
"still-used","11630",".node-editor-main--node","node-editor-main--node","frontend-angular/src/app/workbenches/process/editor/process-editor-workbench.component.html"
"still-used","11634",".node-editor-canopy","node-editor-canopy","frontend-angular/src/app/workbenches/process/editor/process-editor-workbench.component.html"
"suspected-dead","11642",".node-editor-title--compact","node-editor-title--compact",""
"suspected-dead","11647",".node-editor-title--compact h3","node-editor-title--compact",""
"still-used","11652",".node-basic-strip","node-basic-strip","frontend-angular/src/app/workbenches/process/editor/process-editor-workbench.component.html"
"still-used","11661",".node-basic-strip label","node-basic-strip","frontend-angular/src/app/workbenches/process/editor/process-editor-workbench.component.html"
"still-used","11666",".node-basic-strip label > span","node-basic-strip","frontend-angular/src/app/workbenches/process/editor/process-editor-workbench.component.html"
"still-used","11672",".node-basic-strip input:not(.node-hidden-process-input)","node-basic-strip node-hidden-process-input","frontend-angular/src/app/workbenches/process/editor/process-editor-workbench.component.html"
"still-used","11682",".node-hidden-process-input, .node-anchor-compat.is-hidden","node-hidden-process-input node-anchor-compat is-hidden","frontend-angular/src/app/workbenches/process/editor/process-editor-workbench.component.html"
"suspected-dead","11692",".node-anchor-bar","node-anchor-bar",""
"suspected-dead","11697",".node-anchor-bar a, .node-anchor-bar button","node-anchor-bar",""
"suspected-dead","11707",".node-anchor-bar a:hover, .node-anchor-bar button:hover, .node-anchor-bar a:focus-visible","node-anchor-bar",""
"still-used","11715",".node-editor-scroll--body","node-editor-scroll--body","frontend-angular/src/app/workbenches/process/editor/process-editor-workbench.component.html"
"still-used","11720",".node-editor-card","node-editor-card","frontend-angular/src/app/workbenches/process/editor/process-editor-workbench.component.html"
"still-used","11724",".node-section-head h4","node-section-head","frontend-angular/src/app/workbenches/process/editor/process-editor-workbench.component.html"
"suspected-dead","11729",".node-role-checks--compact","node-role-checks--compact",""
"suspected-dead","11735",".node-role-checks--compact label","node-role-checks--compact",""
"still-used","11742",".node-step-row--rich","node-step-row--rich","frontend-angular/src/app/workbenches/process/editor/process-editor-workbench.component.html"
"still-used","11746",".node-step-row--rich textarea, .node-field-row--no-entity textarea, .node-rich-textarea","node-step-row--rich node-field-row--no-entity node-rich-textarea","frontend-angular/src/app/workbenches/process/editor/process-editor-workbench.component.html"
"suspected-dead","11760",".node-rich-textarea","node-rich-textarea",""
"suspected-dead","11764",".node-form-head--actions","node-form-head--actions",""
"suspected-dead","11768",".node-form-section-head--no-entity","node-form-section-head--no-entity",""
"suspected-dead","11772",".node-field-head--no-entity, .node-field-row--no-entity","node-field-head--no-entity node-field-row--no-entity",""
"still-used","11777",".node-material-tabs button","node-material-tabs","frontend-angular/src/app/workbenches/process/editor/process-editor-workbench.component.html"
"still-used","11789",".node-material-tabs button.active","node-material-tabs active","frontend-angular/src/app/app.spec.ts; frontend-angular/src/app/core/shell/history/history-dialog.component.html; frontend-angular/src/app/core/shell/history/history-dialog.component.scss"
"still-used","11795",".node-section-actions","node-section-actions","frontend-angular/src/app/workbenches/process/editor/process-editor-workbench.component.html"
"still-used","11801",".node-filter-field","node-filter-field","frontend-angular/src/app/workbenches/process/editor/process-editor-workbench.component.html"
"still-used","11811",".node-filter-field::before","node-filter-field","frontend-angular/src/app/workbenches/process/editor/process-editor-workbench.component.html"
"still-used","11819",".node-filter-field--stage","node-filter-field--stage","frontend-angular/src/app/workbenches/process/editor/process-editor-workbench.component.html"
"still-used","11824",".node-filter-field--stage::before","node-filter-field--stage","frontend-angular/src/app/workbenches/process/editor/process-editor-workbench.component.html"
"still-used","11828",".node-filter-field--stage span","node-filter-field--stage","frontend-angular/src/app/workbenches/process/editor/process-editor-workbench.component.html"
"still-used","11833",".node-filter-field--stage select","node-filter-field--stage","frontend-angular/src/app/workbenches/process/editor/process-editor-workbench.component.html"
"still-used","11841",".node-filter-field--process","node-filter-field--process","frontend-angular/src/app/workbenches/process/editor/process-editor-workbench.component.html"
"still-used","11846",".node-filter-field--process::before","node-filter-field--process","frontend-angular/src/app/workbenches/process/editor/process-editor-workbench.component.html"
"still-used","11850",".node-filter-field--process span","node-filter-field--process","frontend-angular/src/app/workbenches/process/editor/process-editor-workbench.component.html"
"still-used","11854",".node-filter-field--process select","node-filter-field--process","frontend-angular/src/app/workbenches/process/editor/process-editor-workbench.component.html"
"still-used","11860",".node-directory-group--nodes","node-directory-group--nodes","frontend-angular/src/app/workbenches/process/editor/process-editor-workbench.component.html"
"still-used","11867",".node-directory-group--nodes h4","node-directory-group--nodes","frontend-angular/src/app/workbenches/process/editor/process-editor-workbench.component.html"
"still-used","11875",".node-directory-group--nodes h4::before","node-directory-group--nodes","frontend-angular/src/app/workbenches/process/editor/process-editor-workbench.component.html"
"still-used","11883",".node-directory-group--nodes .node-directory-item","node-directory-group--nodes node-directory-item","frontend-angular/src/app/workbenches/process/editor/process-editor-workbench.component.html"
"still-used","11889",".node-directory-group--nodes .node-directory-item span","node-directory-group--nodes node-directory-item","frontend-angular/src/app/workbenches/process/editor/process-editor-workbench.component.html"
"still-used","11897",".node-directory-group--nodes .node-directory-item b","node-directory-group--nodes node-directory-item","frontend-angular/src/app/workbenches/process/editor/process-editor-workbench.component.html"
"still-used","11901",".node-directory-group--nodes .node-directory-item small","node-directory-group--nodes node-directory-item","frontend-angular/src/app/workbenches/process/editor/process-editor-workbench.component.html"
"suspected-dead","11906",".node-basic-strip--single","node-basic-strip--single",""
"suspected-dead","11914",".node-name-field","node-name-field",""
"suspected-dead","11918",".node-name-field span","node-name-field",""
"suspected-dead","11922",".node-editor-metrics--cards","node-editor-metrics--cards",""
"suspected-dead","11929",".node-metric-card","node-metric-card",""
"suspected-dead","11943",".node-metric-card span","node-metric-card",""
"suspected-dead","11951",".node-metric-card b","node-metric-card",""
"suspected-dead","11960",".node-metric-card--role","node-metric-card--role",""
"suspected-dead","11966",".node-metric-card--role b","node-metric-card--role",""
"suspected-dead","11970",".node-metric-card--step","node-metric-card--step",""
"suspected-dead","11976",".node-metric-card--step b","node-metric-card--step",""
"suspected-dead","11980",".node-metric-card--material","node-metric-card--material",""
"suspected-dead","11986",".node-metric-card--material b","node-metric-card--material",""
"suspected-dead","11990",".node-metric-card--rule","node-metric-card--rule",""
"suspected-dead","11996",".node-metric-card--rule b","node-metric-card--rule",""
"suspected-dead","12000",".node-canopy-divider","node-canopy-divider",""
"suspected-dead","12005",".node-anchor-bar","node-anchor-bar",""
"suspected-dead","12012",".node-anchor-tab","node-anchor-tab",""
"still-used","12023",".node-anchor-tab:hover, .node-anchor-tab.active","node-anchor-tab active","frontend-angular/src/app/app.spec.ts; frontend-angular/src/app/core/shell/history/history-dialog.component.html; frontend-angular/src/app/core/shell/history/history-dialog.component.scss"
"still-used","12029",".node-anchor-tab--role.active, .node-anchor-tab--role:hover","node-anchor-tab--role active","frontend-angular/src/app/app.spec.ts; frontend-angular/src/app/core/shell/history/history-dialog.component.html; frontend-angular/src/app/core/shell/history/history-dialog.component.scss"
"still-used","12034",".node-anchor-tab--step.active, .node-anchor-tab--step:hover","node-anchor-tab--step active","frontend-angular/src/app/app.spec.ts; frontend-angular/src/app/core/shell/history/history-dialog.component.html; frontend-angular/src/app/core/shell/history/history-dialog.component.scss"
"still-used","12039",".node-anchor-tab--material.active, .node-anchor-tab--material:hover","node-anchor-tab--material active","frontend-angular/src/app/app.spec.ts; frontend-angular/src/app/core/shell/history/history-dialog.component.html; frontend-angular/src/app/core/shell/history/history-dialog.component.scss"
"still-used","12044",".node-anchor-tab--rule.active, .node-anchor-tab--rule:hover","node-anchor-tab--rule active","frontend-angular/src/app/app.spec.ts; frontend-angular/src/app/core/shell/history/history-dialog.component.html; frontend-angular/src/app/core/shell/history/history-dialog.component.scss"
"suspected-dead","12049",".node-anchor-tab span","node-anchor-tab",""
"still-used","12054",".node-editor-card","node-editor-card","frontend-angular/src/app/workbenches/process/editor/process-editor-workbench.component.html"
"still-used","12058",".node-editor-main--node .node-editor-card","node-editor-main--node node-editor-card","frontend-angular/src/app/workbenches/process/editor/process-editor-workbench.component.html"
"still-used","12062",".node-editor-main--node .node-editor-card::before","node-editor-main--node node-editor-card","frontend-angular/src/app/workbenches/process/editor/process-editor-workbench.component.html"
"still-used","12071",".node-editor-main--node .node-section-head","node-editor-main--node node-section-head","frontend-angular/src/app/workbenches/process/editor/process-editor-workbench.component.html"
"still-used","12078",".node-editor-main--node .node-section-head h4","node-editor-main--node node-section-head","frontend-angular/src/app/workbenches/process/editor/process-editor-workbench.component.html"
"still-used","12082",".node-editor-main--node .node-section-head .node-count-pill","node-editor-main--node node-section-head node-count-pill","frontend-angular/src/app/workbenches/process/editor/process-editor-workbench.component.html"
"still-used","12088",".node-editor-card--role","node-editor-card--role","frontend-angular/src/app/workbenches/process/editor/process-editor-workbench.component.html"
"still-used","12098",".node-editor-card--step","node-editor-card--step","frontend-angular/src/app/workbenches/process/editor/process-editor-workbench.component.html"
"still-used","12108",".node-editor-card--material","node-editor-card--material","frontend-angular/src/app/workbenches/process/editor/process-editor-workbench.component.html"
"still-used","12118",".node-editor-card--rule","node-editor-card--rule","frontend-angular/src/app/workbenches/process/editor/process-editor-workbench.component.html"
"still-used","12128",".node-section-head","node-section-head","frontend-angular/src/app/workbenches/process/editor/process-editor-workbench.component.html"
"still-used","12132",".node-section-head h4","node-section-head","frontend-angular/src/app/workbenches/process/editor/process-editor-workbench.component.html"
"still-used","12137",".node-section-head .node-count-pill","node-section-head node-count-pill","frontend-angular/src/app/workbenches/process/editor/process-editor-workbench.component.html"
"still-used","12146",".node-fold-btn","node-fold-btn","frontend-angular/src/app/workbenches/process/editor/process-editor-workbench.component.html"
"still-used","12151",".node-selected-chip-row","node-selected-chip-row","frontend-angular/src/app/workbenches/process/editor/process-editor-workbench.component.html"
"still-used","12159",".node-selected-chip-row span","node-selected-chip-row","frontend-angular/src/app/workbenches/process/editor/process-editor-workbench.component.html"
"still-used","12172",".node-selected-chip-row .is-empty","node-selected-chip-row is-empty","frontend-angular/src/app/workbenches/process/editor/process-editor-workbench.component.html"
"suspected-dead","12177",".node-sub-tabs","node-sub-tabs",""
"suspected-dead","12186",".node-sub-tabs button","node-sub-tabs",""
"suspected-dead","12198",".node-sub-tabs button:last-child","node-sub-tabs",""
"still-used","12202",".node-sub-tabs button.active","node-sub-tabs active","frontend-angular/src/app/app.spec.ts; frontend-angular/src/app/core/shell/history/history-dialog.component.html; frontend-angular/src/app/core/shell/history/history-dialog.component.scss"
"still-used","12207",".node-step-row--rich","node-step-row--rich","frontend-angular/src/app/workbenches/process/editor/process-editor-workbench.component.html"
"still-used","12213",".node-step-type","node-step-type","frontend-angular/src/app/workbenches/process/editor/process-editor-workbench.component.html"
"still-used","12222",".node-rich-editor","node-rich-editor","frontend-angular/src/app/workbenches/process/editor/process-editor-workbench.component.html"
"still-used","12228",".node-rich-toolbar","node-rich-toolbar","frontend-angular/src/app/workbenches/process/editor/process-editor-workbench.component.html"
"still-used","12245",".node-rich-editor .node-rich-textarea","node-rich-editor node-rich-textarea","frontend-angular/src/app/workbenches/process/editor/process-editor-workbench.component.html"
"suspected-dead","12250",".node-form-card","node-form-card",""
"suspected-dead","12254",".node-form-head--actions","node-form-head--actions",""
"suspected-dead","12262",".node-form-head--actions > span","node-form-head--actions",""
"still-used","12266",".node-rule-card","node-rule-card","frontend-angular/src/app/workbenches/process/editor/process-editor-workbench.component.html"
"still-used","12270",".node-rule-head","node-rule-head","frontend-angular/src/app/workbenches/process/editor/process-editor-workbench.component.html"
"suspected-dead","12277",".node-basic-strip--single","node-basic-strip--single",""
"suspected-dead","12280",".node-editor-metrics--cards","node-editor-metrics--cards",""
"still-used","12284",".node-step-row--rich","node-step-row--rich","frontend-angular/src/app/workbenches/process/editor/process-editor-workbench.component.html"
"still-used","12288",".node-step-type, .node-rich-editor","node-step-type node-rich-editor","frontend-angular/src/app/workbenches/process/editor/process-editor-workbench.component.html"
"suspected-dead","12294",".node-basic-strip--single","node-basic-strip--single",""
"still-used","12302",".node-basic-strip--single .proc-stage-ref-list","node-basic-strip--single proc-stage-ref-list","frontend-angular/src/app/workbenches/process/editor/process-editor-workbench.component.scss; frontend-angular/src/app/workbenches/process/shell/process-workbench-shell.component.scss"
"still-used","12310",".node-basic-strip--single .proc-stage-ref-chip","node-basic-strip--single proc-stage-ref-chip","frontend-angular/src/app/workbenches/process/editor/process-editor-workbench.component.scss; frontend-angular/src/app/workbenches/process/shell/process-workbench-shell.component.scss"
"still-used","12317",".node-directory-item","node-directory-item","frontend-angular/src/app/workbenches/process/editor/process-editor-workbench.component.html"
"still-used","12321",".node-directory-item em","node-directory-item","frontend-angular/src/app/workbenches/process/editor/process-editor-workbench.component.html"
"still-used","12334",".node-directory-group--nodes .node-directory-item.active","node-directory-group--nodes node-directory-item active","frontend-angular/src/app/app.spec.ts; frontend-angular/src/app/core/shell/history/history-dialog.component.html; frontend-angular/src/app/core/shell/history/history-dialog.component.scss"
"still-used","12340",".node-directory-group--nodes .node-directory-item.active b","node-directory-group--nodes node-directory-item active","frontend-angular/src/app/app.spec.ts; frontend-angular/src/app/core/shell/history/history-dialog.component.html; frontend-angular/src/app/core/shell/history/history-dialog.component.scss"
"still-used","12345",".node-basic-strip--three","node-basic-strip--three","frontend-angular/src/app/workbenches/process/editor/process-editor-workbench.component.html"
"still-used","12355",".node-top-field","node-top-field","frontend-angular/src/app/workbenches/process/editor/process-editor-workbench.component.html"
"still-used","12369",".node-top-field span","node-top-field","frontend-angular/src/app/workbenches/process/editor/process-editor-workbench.component.html"
"still-used","12375",".node-top-field input, .node-top-field strong","node-top-field","frontend-angular/src/app/workbenches/process/editor/process-editor-workbench.component.html"
"still-used","12388",".node-top-field--link","node-top-field--link","frontend-angular/src/app/workbenches/process/editor/process-editor-workbench.component.html"
"still-used","12392",".node-top-field--link:hover","node-top-field--link","frontend-angular/src/app/workbenches/process/editor/process-editor-workbench.component.html"
"still-used","12397",".node-top-field--empty strong","node-top-field--empty","frontend-angular/src/app/workbenches/process/editor/process-editor-workbench.component.html"
"still-used","12401",".node-progress-guide","node-progress-guide","frontend-angular/src/app/workbenches/process/editor/process-editor-workbench.component.html"
"still-used","12406",".node-progress-track","node-progress-track","frontend-angular/src/app/workbenches/process/editor/process-editor-workbench.component.html"
"still-used","12414",".node-progress-track span","node-progress-track","frontend-angular/src/app/workbenches/process/editor/process-editor-workbench.component.html"
"still-used","12421",".node-progress-steps","node-progress-steps","frontend-angular/src/app/workbenches/process/editor/process-editor-workbench.component.html"
"still-used","12427",".node-progress-step","node-progress-step","frontend-angular/src/app/workbenches/process/editor/process-editor-workbench.component.html"
"still-used","12442",".node-progress-step span, .node-progress-step em","node-progress-step","frontend-angular/src/app/workbenches/process/editor/process-editor-workbench.component.html"
"still-used","12456",".node-progress-step b","node-progress-step","frontend-angular/src/app/workbenches/process/editor/process-editor-workbench.component.html"
"still-used","12463",".node-progress-step.done","node-progress-step done","frontend-angular/src/app/workbenches/process/editor/process-editor-workbench.component.html; frontend-angular/src/app/workbenches/process/editor/process-editor-workbench.component.ts"
"still-used","12468",".node-progress-step.active","node-progress-step active","frontend-angular/src/app/app.spec.ts; frontend-angular/src/app/core/shell/history/history-dialog.component.html; frontend-angular/src/app/core/shell/history/history-dialog.component.scss"
"still-used","12472",".node-progress-step.tone-role","node-progress-step tone-role","frontend-angular/src/app/workbenches/process/editor/process-editor-workbench.component.html"
"still-used","12474",".node-progress-step.tone-step","node-progress-step tone-step","frontend-angular/src/app/workbenches/process/editor/process-editor-workbench.component.html"
"still-used","12475",".node-progress-step.tone-material","node-progress-step tone-material","frontend-angular/src/app/workbenches/process/editor/process-editor-workbench.component.html"
"still-used","12476",".node-progress-step.tone-rule","node-progress-step tone-rule","frontend-angular/src/app/workbenches/process/editor/process-editor-workbench.component.html"
"still-used","12477",".node-role-checks--picker","node-role-checks--picker","frontend-angular/src/app/workbenches/process/editor/process-editor-workbench.component.html"
"still-used","12489",".node-role-checks--picker label","node-role-checks--picker","frontend-angular/src/app/workbenches/process/editor/process-editor-workbench.component.html"
"still-used","12503",".node-role-picker-footer","node-role-picker-footer","frontend-angular/src/app/workbenches/process/editor/process-editor-workbench.component.html"
"still-used","12509",".node-step-row--rich","node-step-row--rich","frontend-angular/src/app/workbenches/process/editor/process-editor-workbench.component.html"
"still-used","12516",".node-step-main-row","node-step-main-row","frontend-angular/src/app/workbenches/process/editor/process-editor-workbench.component.html"
"still-used","12523",".node-step-type-custom","node-step-type-custom","frontend-angular/src/app/workbenches/process/editor/process-editor-workbench.component.html"
"still-used","12530",".node-step-name, .node-rule-name-textarea","node-step-name node-rule-name-textarea","frontend-angular/src/app/workbenches/process/editor/process-editor-workbench.component.html"
"still-used","12544",".node-step-name","node-step-name","frontend-angular/src/app/workbenches/process/editor/process-editor-workbench.component.html"
"still-used","12548",".node-rule-name-textarea","node-rule-name-textarea","frontend-angular/src/app/workbenches/process/editor/process-editor-workbench.component.html"
"still-used","12553",".node-rule-card textarea.node-rule-name-textarea","node-rule-card node-rule-name-textarea","frontend-angular/src/app/workbenches/process/editor/process-editor-workbench.component.html"
"still-used","12562",".node-rich-editor--content","node-rich-editor--content","frontend-angular/src/app/workbenches/process/editor/process-editor-workbench.component.html"
"still-used","12567",".node-rich-label","node-rich-label","frontend-angular/src/app/workbenches/process/editor/process-editor-workbench.component.html"
"still-used","12576",".node-rich-toolbar-row","node-rich-toolbar-row","frontend-angular/src/app/workbenches/process/editor/process-editor-workbench.component.html"
"still-used","12589",".node-rich-editor--content:focus-within .node-rich-toolbar-row","node-rich-editor--content node-rich-toolbar-row","frontend-angular/src/app/workbenches/process/editor/process-editor-workbench.component.html"
"still-used","12596",".node-rich-toolbar","node-rich-toolbar","frontend-angular/src/app/workbenches/process/editor/process-editor-workbench.component.html"
"still-used","12609",".node-rich-toolbar button","node-rich-toolbar","frontend-angular/src/app/workbenches/process/editor/process-editor-workbench.component.html"
"still-used","12623",".node-rich-shortcuts","node-rich-shortcuts","frontend-angular/src/app/workbenches/process/editor/process-editor-workbench.component.html"
"still-used","12629",".node-rich-toolbar button:hover","node-rich-toolbar","frontend-angular/src/app/workbenches/process/editor/process-editor-workbench.component.html"
"still-used","12633",".node-rich-content","node-rich-content","frontend-angular/src/app/workbenches/process/editor/process-editor-workbench.component.html"
"still-used","12647",".node-rich-content b, .node-rich-content strong","node-rich-content","frontend-angular/src/app/workbenches/process/editor/process-editor-workbench.component.html"
"still-used","12652",".node-rich-content ul, .node-rich-content ol","node-rich-content","frontend-angular/src/app/workbenches/process/editor/process-editor-workbench.component.html"
"still-used","12658",".node-rich-content ul","node-rich-content","frontend-angular/src/app/workbenches/process/editor/process-editor-workbench.component.html"
"still-used","12662",".node-rich-content ol","node-rich-content","frontend-angular/src/app/workbenches/process/editor/process-editor-workbench.component.html"
"still-used","12666",".node-rich-content ol ol","node-rich-content","frontend-angular/src/app/workbenches/process/editor/process-editor-workbench.component.html"
"still-used","12670",".node-rich-content ol ol ol","node-rich-content","frontend-angular/src/app/workbenches/process/editor/process-editor-workbench.component.html"
"still-used","12674",".node-rich-content ul ul","node-rich-content","frontend-angular/src/app/workbenches/process/editor/process-editor-workbench.component.html"
"still-used","12678",".node-rich-content ul ul ul","node-rich-content","frontend-angular/src/app/workbenches/process/editor/process-editor-workbench.component.html"
"still-used","12682",".node-rich-content li","node-rich-content","frontend-angular/src/app/workbenches/process/editor/process-editor-workbench.component.html"
"still-used","12687",".node-rich-content li::marker","node-rich-content","frontend-angular/src/app/workbenches/process/editor/process-editor-workbench.component.html"
"still-used","12692",".node-rich-content ol > li::marker","node-rich-content","frontend-angular/src/app/workbenches/process/editor/process-editor-workbench.component.html"
"still-used","12696",".node-rich-content:empty::before","node-rich-content","frontend-angular/src/app/workbenches/process/editor/process-editor-workbench.component.html"
"still-used","12701",".node-rich-add","node-rich-add","frontend-angular/src/app/workbenches/process/editor/process-editor-workbench.component.html"
"still-used","12706",".node-rich-add--step","node-rich-add--step","frontend-angular/src/app/workbenches/process/editor/process-editor-workbench.component.html"
"still-used","12718",".node-task-form-card","node-task-form-card","frontend-angular/src/app/workbenches/process/editor/process-editor-workbench.component.html"
"still-used","12727",".node-task-form-card .task-form-card-head","node-task-form-card task-form-card-head","frontend-angular/src/app/workbenches/process/editor/process-editor-workbench.component.html"
"still-used","12734",".node-task-form-card .task-form-index","node-task-form-card task-form-index","frontend-angular/src/app/workbenches/process/editor/process-editor-workbench.component.html"
"still-used","12747",".node-task-form-card .task-form-field-count","node-task-form-card task-form-field-count","frontend-angular/src/app/workbenches/process/editor/process-editor-workbench.component.html"
"still-used","12754",".node-task-form-card .task-form-field-count","node-task-form-card task-form-field-count","frontend-angular/src/app/workbenches/process/editor/process-editor-workbench.component.html"
"still-used","12763",".node-form-model-note","node-form-model-note","frontend-angular/src/app/workbenches/process/editor/process-editor-workbench.component.html"
"still-used","12771",".node-task-form-card .task-form-purpose","node-task-form-card task-form-purpose","frontend-angular/src/app/workbenches/process/editor/process-editor-workbench.component.html"
"still-used","12779",".node-task-form-card .task-form-sections","node-task-form-card task-form-sections","frontend-angular/src/app/workbenches/process/editor/process-editor-workbench.component.html"
"still-used","12783",".node-task-form-card .task-form-section-card","node-task-form-card task-form-section-card","frontend-angular/src/app/workbenches/process/editor/process-editor-workbench.component.html"
"still-used","12790",".node-task-form-card .task-form-section-head","node-task-form-card task-form-section-head","frontend-angular/src/app/workbenches/process/editor/process-editor-workbench.component.html"
"still-used","12797",".node-task-form-card .task-form-field-table-wrap","node-task-form-card task-form-field-table-wrap","frontend-angular/src/app/workbenches/process/editor/process-editor-workbench.component.html"
"still-used","12804",".node-task-form-card .task-form-field-table","node-task-form-card task-form-field-table","frontend-angular/src/app/workbenches/process/editor/process-editor-workbench.component.html"
"still-used","12810",".node-task-form-card th, .node-task-form-card td","node-task-form-card","frontend-angular/src/app/workbenches/process/editor/process-editor-workbench.component.html"
"still-used","12819",".node-task-form-card .task-form-field-table th:nth-child(1), .node-task-form-card .task-form-field-table td:nth-child(1)","node-task-form-card task-form-field-table","frontend-angular/src/app/workbenches/process/editor/process-editor-workbench.component.html"
"still-used","12822",".node-task-form-card .task-form-field-table th:nth-child(2), .node-task-form-card .task-form-field-table td:nth-child(2)","node-task-form-card task-form-field-table","frontend-angular/src/app/workbenches/process/editor/process-editor-workbench.component.html"
"still-used","12824",".node-task-form-card .task-form-field-table th:nth-child(3), .node-task-form-card .task-form-field-table td:nth-child(3)","node-task-form-card task-form-field-table","frontend-angular/src/app/workbenches/process/editor/process-editor-workbench.component.html"
"still-used","12826",".node-task-form-card .task-form-field-table th:nth-child(4), .node-task-form-card .task-form-field-table td:nth-child(4)","node-task-form-card task-form-field-table","frontend-angular/src/app/workbenches/process/editor/process-editor-workbench.component.html"
"still-used","12828",".node-task-form-card .task-form-field-table th:nth-child(5), .node-task-form-card .task-form-field-table td:nth-child(5)","node-task-form-card task-form-field-table","frontend-angular/src/app/workbenches/process/editor/process-editor-workbench.component.html"
"still-used","12830",".node-task-form-card .task-form-field-table th:nth-child(6), .node-task-form-card .task-form-field-table td:nth-child(6)","node-task-form-card task-form-field-table","frontend-angular/src/app/workbenches/process/editor/process-editor-workbench.component.html"
"still-used","12832",".node-task-form-card th","node-task-form-card","frontend-angular/src/app/workbenches/process/editor/process-editor-workbench.component.html"
"still-used","12837",".node-task-form-card input, .node-task-form-card select, .node-task-form-card textarea","node-task-form-card","frontend-angular/src/app/workbenches/process/editor/process-editor-workbench.component.html"
"still-used","12850",".node-task-form-card .task-form-required-cell input","node-task-form-card task-form-required-cell","frontend-angular/src/app/workbenches/process/editor/process-editor-workbench.component.html"
"still-used","12857",".node-basic-strip--three, .node-progress-steps","node-basic-strip--three node-progress-steps","frontend-angular/src/app/workbenches/process/editor/process-editor-workbench.component.html"
"still-used","12861",".node-step-main-row, .node-task-form-card .task-form-card-head, .node-task-form-card .task-form-section-head","node-step-main-row node-task-form-card task-form-card-head task-form-section-head","frontend-angular/src/app/workbenches/process/editor/process-editor-workbench.component.html"
"still-used","12868",".node-editor-main--node","node-editor-main--node","frontend-angular/src/app/workbenches/process/editor/process-editor-workbench.component.html"
"still-used","12872",".node-editor-canopy","node-editor-canopy","frontend-angular/src/app/workbenches/process/editor/process-editor-workbench.component.html"
"still-used","12877",".node-editor-scroll--body","node-editor-scroll--body","frontend-angular/src/app/workbenches/process/editor/process-editor-workbench.component.html"
"still-used","12885",".node-editor-scroll--body .node-editor-card","node-editor-scroll--body node-editor-card","frontend-angular/src/app/workbenches/process/editor/process-editor-workbench.component.html"
"still-used","12890",".node-editor-scroll--body .node-editor-card:last-child","node-editor-scroll--body node-editor-card","frontend-angular/src/app/workbenches/process/editor/process-editor-workbench.component.html"
"still-used","12894",".node-editor-card","node-editor-card","frontend-angular/src/app/workbenches/process/editor/process-editor-workbench.component.html"
"still-used","12898",".node-editor-card--role","node-editor-card--role","frontend-angular/src/app/workbenches/process/editor/process-editor-workbench.component.html"
"still-used","12902",".node-editor-card--step, .node-editor-card--material, .node-editor-card--rule","node-editor-card--step node-editor-card--material node-editor-card--rule","frontend-angular/src/app/workbenches/process/editor/process-editor-workbench.component.html"
"still-used","12908",".node-step-row--rich","node-step-row--rich","frontend-angular/src/app/workbenches/process/editor/process-editor-workbench.component.html"
"still-used","12912",".node-form-list, .node-rule-list, .node-step-list","node-form-list node-rule-list node-step-list","frontend-angular/src/app/workbenches/process/editor/process-editor-workbench.component.html"
"suspected-dead","12920",".node-basic-strip--single","node-basic-strip--single",""
"still-used","12923",".node-basic-strip--single .proc-stage-ref-list","node-basic-strip--single proc-stage-ref-list","frontend-angular/src/app/workbenches/process/editor/process-editor-workbench.component.scss; frontend-angular/src/app/workbenches/process/shell/process-workbench-shell.component.scss"